mode,rep,client,server,stream_idx,gbps
per-pair,1,srv01,st01,1,13.164218082900694
per-pair,1,srv01,st01,2,10.787302290202405
per-pair,1,srv01,st01,3,10.68489271336826
per-pair,1,srv01,st01,4,14.696385936994812
per-pair,1,srv01,st01,5,11.063598435210563
per-pair,1,srv01,st01,6,10.989237897765292
per-pair,1,srv01,st01,7,14.84003896115465
per-pair,1,srv01,st01,8,15.934912679355874
per-pair,2,srv01,st01,1,14.003011230057382
per-pair,2,srv01,st01,2,10.63364104480829
per-pair,2,srv01,st01,3,12.641243883280135
per-pair,2,srv01,st01,4,14.658764369775595
per-pair,2,srv01,st01,5,13.49695777839253
per-pair,2,srv01,st01,6,9.96059537166388
per-pair,2,srv01,st01,7,13.168757901945867
per-pair,2,srv01,st01,8,15.059227637548505
per-pair,3,srv01,st01,1,13.546549743761707
per-pair,3,srv01,st01,2,10.584055715266414
per-pair,3,srv01,st01,3,9.66761235777062
per-pair,3,srv01,st01,4,14.770955817615068
per-pair,3,srv01,st01,5,9.680015974723
per-pair,3,srv01,st01,6,13.591637918100744
per-pair,3,srv01,st01,7,9.768536468936492
per-pair,3,srv01,st01,8,10.434329771991335
per-pair,1,srv01,st02,1,13.618070309923667
per-pair,1,srv01,st02,2,14.32016133507441
per-pair,1,srv01,st02,3,9.725536599921961
per-pair,1,srv01,st02,4,8.93544499337888
per-pair,1,srv01,st02,5,10.063400812027636
per-pair,1,srv01,st02,6,13.482063056485897
per-pair,1,srv01,st02,7,9.131403789755069
per-pair,1,srv01,st02,8,14.484794336167953
per-pair,2,srv01,st02,1,10.840454588579252
per-pair,2,srv01,st02,2,10.815551077715599
per-pair,2,srv01,st02,3,12.657580764597308
per-pair,2,srv01,st02,4,11.25791607332
per-pair,2,srv01,st02,5,11.316592240144368
per-pair,2,srv01,st02,6,11.971117672159144
per-pair,2,srv01,st02,7,12.701052682683862
per-pair,2,srv01,st02,8,14.926989650195292
per-pair,3,srv01,st02,1,13.173289816635556
per-pair,3,srv01,st02,2,13.820957414962018
per-pair,3,srv01,st02,3,14.660032983355148
per-pair,3,srv01,st02,4,15.148361420112762
per-pair,3,srv01,st02,5,13.313274097871252
per-pair,3,srv01,st02,6,14.119450738745504
per-pair,3,srv01,st02,7,15.914867109875274
per-pair,3,srv01,st02,8,14.001355385380933
per-pair,1,srv01,st03,1,14.251709719383324
per-pair,1,srv01,st03,2,15.044903434758567
per-pair,1,srv01,st03,3,12.7897516855697
per-pair,1,srv01,st03,4,14.111027606273531
per-pair,1,srv01,st03,5,12.855199451233817
per-pair,1,srv01,st03,6,12.894651609040695
per-pair,1,srv01,st03,7,12.92377979686998
per-pair,1,srv01,st03,8,13.795235583429562
per-pair,2,srv01,st03,1,12.877412586490449
per-pair,2,srv01,st03,2,16.55016906257819
per-pair,2,srv01,st03,3,12.558389132528541
per-pair,2,srv01,st03,4,10.491873520298277
per-pair,2,srv01,st03,5,13.046586461247141
per-pair,2,srv01,st03,6,10.466576737290573
per-pair,2,srv01,st03,7,14.884775669335344
per-pair,2,srv01,st03,8,12.955011232949827
per-pair,3,srv01,st03,1,13.34625705146501
per-pair,3,srv01,st03,2,13.136486714280178
per-pair,3,srv01,st03,3,10.366708244893061
per-pair,3,srv01,st03,4,14.705681382689052
per-pair,3,srv01,st03,5,14.477486837229204
per-pair,3,srv01,st03,6,12.768933152612542
per-pair,3,srv01,st03,7,10.116624848719947
per-pair,3,srv01,st03,8,15.645241731169628
per-pair,1,srv01,st04,1,12.103928762309705
per-pair,1,srv01,st04,2,11.756549357856485
per-pair,1,srv01,st04,3,10.109129510828744
per-pair,1,srv01,st04,4,13.068604557848266
per-pair,1,srv01,st04,5,11.411703974967635
per-pair,1,srv01,st04,6,9.805964413671044
per-pair,1,srv01,st04,7,13.224709024218704
per-pair,1,srv01,st04,8,13.315715350401078
per-pair,2,srv01,st04,1,13.256697183289551
per-pair,2,srv01,st04,2,14.042336553506688
per-pair,2,srv01,st04,3,9.82445700238665
per-pair,2,srv01,st04,4,13.243249376962545
per-pair,2,srv01,st04,5,9.987508377345659
per-pair,2,srv01,st04,6,10.539401455717087
per-pair,2,srv01,st04,7,10.217274502991268
per-pair,2,srv01,st04,8,9.767135618692594
per-pair,3,srv01,st04,1,10.1756587700774
per-pair,3,srv01,st04,2,10.561733968153796
per-pair,3,srv01,st04,3,14.396752262696012
per-pair,3,srv01,st04,4,14.106166953594537
per-pair,3,srv01,st04,5,14.17698920379052
per-pair,3,srv01,st04,6,14.925101103917505
per-pair,3,srv01,st04,7,15.358139187086845
per-pair,3,srv01,st04,8,14.510653315293748
per-pair,1,srv01,st05,1,12.296713782183739
per-pair,1,srv01,st05,2,13.474563947412825
per-pair,1,srv01,st05,3,12.78504166143614
per-pair,1,srv01,st05,4,12.608008059688736
per-pair,1,srv01,st05,5,11.748049426126508
per-pair,1,srv01,st05,6,15.07114314500793
per-pair,1,srv01,st05,7,13.387357859286512
per-pair,1,srv01,st05,8,13.083534644441633
per-pair,2,srv01,st05,1,13.409598073503737
per-pair,2,srv01,st05,2,12.415466012483533
per-pair,2,srv01,st05,3,14.688984956814567
per-pair,2,srv01,st05,4,13.485781077582182
per-pair,2,srv01,st05,5,12.218553241145832
per-pair,2,srv01,st05,6,11.533268835014958
per-pair,2,srv01,st05,7,11.68277748900156
per-pair,2,srv01,st05,8,13.694066468041072
per-pair,3,srv01,st05,1,10.507536505796585
per-pair,3,srv01,st05,2,13.221047373951038
per-pair,3,srv01,st05,3,10.822892360860969
per-pair,3,srv01,st05,4,15.25443291711418
per-pair,3,srv01,st05,5,12.825301553062536
per-pair,3,srv01,st05,6,9.90915554279273
per-pair,3,srv01,st05,7,13.80195225742791
per-pair,3,srv01,st05,8,9.897402879310835
per-pair,1,srv01,st06,1,12.94711876478288
per-pair,1,srv01,st06,2,10.72304648397207
per-pair,1,srv01,st06,3,13.106717555530569
per-pair,1,srv01,st06,4,14.502169342139167
per-pair,1,srv01,st06,5,10.818071770004433
per-pair,1,srv01,st06,6,12.984866740475736
per-pair,1,srv01,st06,7,13.051974252818592
per-pair,1,srv01,st06,8,13.684209155887253
per-pair,2,srv01,st06,1,13.423153582068727
per-pair,2,srv01,st06,2,13.768132395233984
per-pair,2,srv01,st06,3,13.822221018676053
per-pair,2,srv01,st06,4,14.518426361607714
per-pair,2,srv01,st06,5,13.074242639574077
per-pair,2,srv01,st06,6,11.60266508321235
per-pair,2,srv01,st06,7,15.330367377801121
per-pair,2,srv01,st06,8,11.69148751573071
per-pair,3,srv01,st06,1,14.628097712911817
per-pair,3,srv01,st06,2,16.98557131621815
per-pair,3,srv01,st06,3,13.228791488432211
per-pair,3,srv01,st06,4,14.034130930040574
per-pair,3,srv01,st06,5,12.425680241448816
per-pair,3,srv01,st06,6,13.307783172391844
per-pair,3,srv01,st06,7,13.065914830356153
per-pair,3,srv01,st06,8,14.833222688680888
per-pair,1,srv01,st07,1,14.617909394780664
per-pair,1,srv01,st07,2,12.01769516439657
per-pair,1,srv01,st07,3,13.351159644368895
per-pair,1,srv01,st07,4,11.993884078862514
per-pair,1,srv01,st07,5,9.157044455354663
per-pair,1,srv01,st07,6,14.678376445017607
per-pair,1,srv01,st07,7,9.054809702786425
per-pair,1,srv01,st07,8,13.3963351717858
per-pair,2,srv01,st07,1,9.939459643871587
per-pair,2,srv01,st07,2,15.708653209794754
per-pair,2,srv01,st07,3,13.346677696640914
per-pair,2,srv01,st07,4,11.213026774359442
per-pair,2,srv01,st07,5,10.186745748796499
per-pair,2,srv01,st07,6,14.566025382568377
per-pair,2,srv01,st07,7,13.757146416741545
per-pair,2,srv01,st07,8,13.485044321075048
per-pair,3,srv01,st07,1,11.419183546413377
per-pair,3,srv01,st07,2,10.69931195780171
per-pair,3,srv01,st07,3,12.5662848786265
per-pair,3,srv01,st07,4,12.892070167841004
per-pair,3,srv01,st07,5,12.444039483314608
per-pair,3,srv01,st07,6,13.281363643840843
per-pair,3,srv01,st07,7,11.114806492975438
per-pair,3,srv01,st07,8,10.939040508222135
per-pair,1,srv01,st08,1,13.795171297930894
per-pair,1,srv01,st08,2,14.348593822582709
per-pair,1,srv01,st08,3,14.53143834378899
per-pair,1,srv01,st08,4,14.730321628133819
per-pair,1,srv01,st08,5,14.553462698183274
per-pair,1,srv01,st08,6,14.035883816350491
per-pair,1,srv01,st08,7,9.883290317266155
per-pair,1,srv01,st08,8,10.976744244526838
per-pair,2,srv01,st08,1,13.931193361449287
per-pair,2,srv01,st08,2,11.739349476416209
per-pair,2,srv01,st08,3,13.450864632537359
per-pair,2,srv01,st08,4,13.93642306390979
per-pair,2,srv01,st08,5,11.354911732970525
per-pair,2,srv01,st08,6,15.025018180172141
per-pair,2,srv01,st08,7,11.11427551566098
per-pair,2,srv01,st08,8,10.945544430427411
per-pair,3,srv01,st08,1,14.486967854914555
per-pair,3,srv01,st08,2,13.667342368363
per-pair,3,srv01,st08,3,13.41804689787989
per-pair,3,srv01,st08,4,13.157260942164205
per-pair,3,srv01,st08,5,13.178931210891795
per-pair,3,srv01,st08,6,13.604472375018242
per-pair,3,srv01,st08,7,12.63153847523058
per-pair,3,srv01,st08,8,14.462894633001447
per-pair,1,srv02,st01,1,14.803174145016307
per-pair,1,srv02,st01,2,13.404954836705832
per-pair,1,srv02,st01,3,12.835240029126636
per-pair,1,srv02,st01,4,13.03962241471667
per-pair,1,srv02,st01,5,13.145745718393067
per-pair,1,srv02,st01,6,14.980031754436668
per-pair,1,srv02,st01,7,14.362235968802358
per-pair,1,srv02,st01,8,14.016140307047332
per-pair,2,srv02,st01,1,13.267532457499644
per-pair,2,srv02,st01,2,13.364913820800789
per-pair,2,srv02,st01,3,14.969790494559538
per-pair,2,srv02,st01,4,11.203584072694897
per-pair,2,srv02,st01,5,13.578952718379101
per-pair,2,srv02,st01,6,13.154326458823352
per-pair,2,srv02,st01,7,13.298766670171362
per-pair,2,srv02,st01,8,13.983131906273968
per-pair,3,srv02,st01,1,13.082243747156427
per-pair,3,srv02,st01,2,13.285928136378796
per-pair,3,srv02,st01,3,13.183649038315826
per-pair,3,srv02,st01,4,15.9061255174264
per-pair,3,srv02,st01,5,12.975333472504532
per-pair,3,srv02,st01,6,13.06026750353162
per-pair,3,srv02,st01,7,14.294344993444756
per-pair,3,srv02,st01,8,14.82457102253156
per-pair,1,srv02,st02,1,13.141580278565318
per-pair,1,srv02,st02,2,12.43637617096031
per-pair,1,srv02,st02,3,13.123099194021275
per-pair,1,srv02,st02,4,14.55317687557107
per-pair,1,srv02,st02,5,14.829126119023
per-pair,1,srv02,st02,6,13.241107253958523
per-pair,1,srv02,st02,7,13.996210289832442
per-pair,1,srv02,st02,8,12.823338624147354
per-pair,2,srv02,st02,1,15.867757558338608
per-pair,2,srv02,st02,2,15.463064834577912
per-pair,2,srv02,st02,3,15.102748152567413
per-pair,2,srv02,st02,4,13.619910287649065
per-pair,2,srv02,st02,5,13.973275873624852
per-pair,2,srv02,st02,6,13.062337141231783
per-pair,2,srv02,st02,7,12.682137091494088
per-pair,2,srv02,st02,8,14.673890430586734
per-pair,3,srv02,st02,1,15.214651610219965
per-pair,3,srv02,st02,2,15.260002227818873
per-pair,3,srv02,st02,3,15.119493955951736
per-pair,3,srv02,st02,4,12.662215742449472
per-pair,3,srv02,st02,5,14.549465528386278
per-pair,3,srv02,st02,6,15.133125355461235
per-pair,3,srv02,st02,7,14.347921791407705
per-pair,3,srv02,st02,8,13.321197789891015
per-pair,1,srv02,st03,1,13.414385093318632
per-pair,1,srv02,st03,2,12.89861927683147
per-pair,1,srv02,st03,3,11.884664164850005
per-pair,1,srv02,st03,4,13.09827859397107
per-pair,1,srv02,st03,5,16.665932251786078
per-pair,1,srv02,st03,6,13.799425807984441
per-pair,1,srv02,st03,7,14.254064827252844
per-pair,1,srv02,st03,8,15.226475037886788
per-pair,2,srv02,st03,1,15.593678547821561
per-pair,2,srv02,st03,2,12.743053464030371
per-pair,2,srv02,st03,3,15.037193679902481
per-pair,2,srv02,st03,4,12.870729975730137
per-pair,2,srv02,st03,5,12.792379947180299
per-pair,2,srv02,st03,6,15.51219591622314
per-pair,2,srv02,st03,7,15.264340168739045
per-pair,2,srv02,st03,8,15.18124099163438
per-pair,3,srv02,st03,1,12.955817117363962
per-pair,3,srv02,st03,2,14.544098762074094
per-pair,3,srv02,st03,3,14.338229575955877
per-pair,3,srv02,st03,4,12.263983930763082
per-pair,3,srv02,st03,5,12.20500188465536
per-pair,3,srv02,st03,6,14.62619303217514
per-pair,3,srv02,st03,7,12.693591678449929
per-pair,3,srv02,st03,8,12.84921689936527
per-pair,1,srv02,st04,1,13.032975699784805
per-pair,1,srv02,st04,2,15.520663062533577
per-pair,1,srv02,st04,3,13.444316393361147
per-pair,1,srv02,st04,4,13.909579771619423
per-pair,1,srv02,st04,5,13.56665386652423
per-pair,1,srv02,st04,6,13.3564593794032
per-pair,1,srv02,st04,7,14.733930131835512
per-pair,1,srv02,st04,8,13.352134030364544
per-pair,2,srv02,st04,1,12.798908658969953
per-pair,2,srv02,st04,2,13.842845505683778
per-pair,2,srv02,st04,3,15.096059053484035
per-pair,2,srv02,st04,4,13.46745815375588
per-pair,2,srv02,st04,5,13.310740924779465
per-pair,2,srv02,st04,6,13.680273771917053
per-pair,2,srv02,st04,7,13.707912277367424
per-pair,2,srv02,st04,8,11.87136286271422
per-pair,3,srv02,st04,1,13.472973721174727
per-pair,3,srv02,st04,2,11.938315787580727
per-pair,3,srv02,st04,3,13.6850453948542
per-pair,3,srv02,st04,4,13.008150535463288
per-pair,3,srv02,st04,5,13.09514186415369
per-pair,3,srv02,st04,6,13.640512090984922
per-pair,3,srv02,st04,7,13.278290701414582
per-pair,3,srv02,st04,8,13.633796924885923
per-pair,1,srv02,st05,1,13.191147678622226
per-pair,1,srv02,st05,2,15.804796974735932
per-pair,1,srv02,st05,3,12.901903881439559
per-pair,1,srv02,st05,4,13.99879598180783
per-pair,1,srv02,st05,5,17.123330659791858
per-pair,1,srv02,st05,6,13.090441222342896
per-pair,1,srv02,st05,7,13.267999156537776
per-pair,1,srv02,st05,8,12.777093411308035
per-pair,2,srv02,st05,1,12.636085217016653
per-pair,2,srv02,st05,2,11.509131908136405
per-pair,2,srv02,st05,3,12.435938938503028
per-pair,2,srv02,st05,4,13.222438228459557
per-pair,2,srv02,st05,5,14.503636554075126
per-pair,2,srv02,st05,6,12.34890741988283
per-pair,2,srv02,st05,7,14.453960431248232
per-pair,2,srv02,st05,8,14.167656444542322
per-pair,3,srv02,st05,1,14.761332663252194
per-pair,3,srv02,st05,2,13.614553309000058
per-pair,3,srv02,st05,3,14.252517044552851
per-pair,3,srv02,st05,4,13.320780664303648
per-pair,3,srv02,st05,5,13.6215437348108
per-pair,3,srv02,st05,6,14.516449309069658
per-pair,3,srv02,st05,7,13.449011287769437
per-pair,3,srv02,st05,8,13.466531042457609
per-pair,1,srv02,st06,1,14.619301020098005
per-pair,1,srv02,st06,2,13.560603827753946
per-pair,1,srv02,st06,3,14.929587726107725
per-pair,1,srv02,st06,4,12.928452553569967
per-pair,1,srv02,st06,5,13.393751542446834
per-pair,1,srv02,st06,6,13.451457355076746
per-pair,1,srv02,st06,7,13.337172933001243
per-pair,1,srv02,st06,8,13.827506318181063
per-pair,2,srv02,st06,1,13.437945806908036
per-pair,2,srv02,st06,2,13.18244596921435
per-pair,2,srv02,st06,3,12.864775086883503
per-pair,2,srv02,st06,4,13.414265760391283
per-pair,2,srv02,st06,5,14.022126437859182
per-pair,2,srv02,st06,6,14.315724062568755
per-pair,2,srv02,st06,7,14.251499582163536
per-pair,2,srv02,st06,8,14.444304093747368
per-pair,3,srv02,st06,1,14.754575484366574
per-pair,3,srv02,st06,2,13.223107258807659
per-pair,3,srv02,st06,3,16.271320154394914
per-pair,3,srv02,st06,4,12.660807245782
per-pair,3,srv02,st06,5,12.684662027146084
per-pair,3,srv02,st06,6,13.52348963666933
per-pair,3,srv02,st06,7,14.913869500581672
per-pair,3,srv02,st06,8,12.662782037206279
per-pair,1,srv02,st07,1,12.105912708136056
per-pair,1,srv02,st07,2,12.2326927073149
per-pair,1,srv02,st07,3,13.643507948021949
per-pair,1,srv02,st07,4,13.914168260556558
per-pair,1,srv02,st07,5,12.754719774028144
per-pair,1,srv02,st07,6,17.358610184624954
per-pair,1,srv02,st07,7,13.256369767332812
per-pair,1,srv02,st07,8,13.141814264594192
per-pair,2,srv02,st07,1,13.952355986036205
per-pair,2,srv02,st07,2,14.11073271126818
per-pair,2,srv02,st07,3,10.795307112860307
per-pair,2,srv02,st07,4,13.782663516849723
per-pair,2,srv02,st07,5,13.404350671668016
per-pair,2,srv02,st07,6,11.243829998717267
per-pair,2,srv02,st07,7,13.465385784812588
per-pair,2,srv02,st07,8,11.119916048895767
per-pair,3,srv02,st07,1,12.454712875234101
per-pair,3,srv02,st07,2,12.868588397271118
per-pair,3,srv02,st07,3,15.282977326195986
per-pair,3,srv02,st07,4,13.266560753466115
per-pair,3,srv02,st07,5,13.222521217288206
per-pair,3,srv02,st07,6,12.402804767165676
per-pair,3,srv02,st07,7,13.104907694082923
per-pair,3,srv02,st07,8,13.123301190839767
per-pair,1,srv02,st08,1,12.865202097334414
per-pair,1,srv02,st08,2,12.569564069985011
per-pair,1,srv02,st08,3,13.677196338204674
per-pair,1,srv02,st08,4,13.384297682234944
per-pair,1,srv02,st08,5,13.234047312622785
per-pair,1,srv02,st08,6,13.905783117445967
per-pair,1,srv02,st08,7,12.747077082992922
per-pair,1,srv02,st08,8,12.35028328921054
per-pair,2,srv02,st08,1,14.144416262180572
per-pair,2,srv02,st08,2,14.114580265686296
per-pair,2,srv02,st08,3,15.024471117919104
per-pair,2,srv02,st08,4,14.182907275376438
per-pair,2,srv02,st08,5,13.764971766715446
per-pair,2,srv02,st08,6,14.203489700253364
per-pair,2,srv02,st08,7,11.66911206862364
per-pair,2,srv02,st08,8,15.148376354495126
per-pair,3,srv02,st08,1,13.213567761226178
per-pair,3,srv02,st08,2,14.09929858613356
per-pair,3,srv02,st08,3,12.399139294442849
per-pair,3,srv02,st08,4,12.887944921092272
per-pair,3,srv02,st08,5,14.094929569091644
per-pair,3,srv02,st08,6,13.497728629632315
per-pair,3,srv02,st08,7,14.150809297057735
per-pair,3,srv02,st08,8,16.33557995903763
per-pair,1,srv03,st01,1,17.650441821209444
per-pair,1,srv03,st01,2,12.258343516668251
per-pair,1,srv03,st01,3,14.113686351129033
per-pair,1,srv03,st01,4,11.7406597874372
per-pair,1,srv03,st01,5,16.354803832594992
per-pair,1,srv03,st01,6,12.400227043605362
per-pair,1,srv03,st01,7,12.199624052402362
per-pair,1,srv03,st01,8,14.642423669987517
per-pair,2,srv03,st01,1,13.51851773485865
per-pair,2,srv03,st01,2,14.488092598463375
per-pair,2,srv03,st01,3,13.281283841929339
per-pair,2,srv03,st01,4,14.610905997057142
per-pair,2,srv03,st01,5,15.909949319856317
per-pair,2,srv03,st01,6,13.123688605334683
per-pair,2,srv03,st01,7,13.260395515402237
per-pair,2,srv03,st01,8,13.998018641854948
per-pair,3,srv03,st01,1,12.428223277051671
per-pair,3,srv03,st01,2,12.947524071429276
per-pair,3,srv03,st01,3,13.2024996255255
per-pair,3,srv03,st01,4,14.109462875608342
per-pair,3,srv03,st01,5,13.710397297966995
per-pair,3,srv03,st01,6,12.985709238372404
per-pair,3,srv03,st01,7,12.543215679104664
per-pair,3,srv03,st01,8,13.070511765874251
per-pair,1,srv03,st02,1,12.387345942004279
per-pair,1,srv03,st02,2,13.15559408431243
per-pair,1,srv03,st02,3,12.912676678077595
per-pair,1,srv03,st02,4,13.633783115111036
per-pair,1,srv03,st02,5,12.77815461084791
per-pair,1,srv03,st02,6,14.810390271961477
per-pair,1,srv03,st02,7,13.59144732974385
per-pair,1,srv03,st02,8,13.33162182347073
per-pair,2,srv03,st02,1,13.137403643493574
per-pair,2,srv03,st02,2,14.511607436852524
per-pair,2,srv03,st02,3,13.138150747449801
per-pair,2,srv03,st02,4,13.32595345831809
per-pair,2,srv03,st02,5,16.287477909836362
per-pair,2,srv03,st02,6,14.320147848724805
per-pair,2,srv03,st02,7,13.569723430468747
per-pair,2,srv03,st02,8,13.4679250551464
per-pair,3,srv03,st02,1,14.02949856801439
per-pair,3,srv03,st02,2,14.224788948309879
per-pair,3,srv03,st02,3,12.9466001056403
per-pair,3,srv03,st02,4,14.17748130747139
per-pair,3,srv03,st02,5,12.953586152712772
per-pair,3,srv03,st02,6,13.488488422337529
per-pair,3,srv03,st02,7,14.235763901559443
per-pair,3,srv03,st02,8,12.80740344539702
per-pair,1,srv03,st03,1,11.998219496529007
per-pair,1,srv03,st03,2,12.275303132269254
per-pair,1,srv03,st03,3,14.21890808646993
per-pair,1,srv03,st03,4,12.00043459276553
per-pair,1,srv03,st03,5,13.07334944107269
per-pair,1,srv03,st03,6,14.82462986601941
per-pair,1,srv03,st03,7,13.877556076687753
per-pair,1,srv03,st03,8,13.030358224174487
per-pair,2,srv03,st03,1,13.259313800501614
per-pair,2,srv03,st03,2,14.0429845309812
per-pair,2,srv03,st03,3,12.60002900800917
per-pair,2,srv03,st03,4,13.059278318564791
per-pair,2,srv03,st03,5,13.466143105184134
per-pair,2,srv03,st03,6,13.268532428150117
per-pair,2,srv03,st03,7,17.924114151357692
per-pair,2,srv03,st03,8,13.8528011842801
per-pair,3,srv03,st03,1,17.764144867788414
per-pair,3,srv03,st03,2,12.561917354464473
per-pair,3,srv03,st03,3,13.015158766926136
per-pair,3,srv03,st03,4,12.972080298381004
per-pair,3,srv03,st03,5,12.405987279172816
per-pair,3,srv03,st03,6,13.244007669805853
per-pair,3,srv03,st03,7,13.919457085330944
per-pair,3,srv03,st03,8,13.619655410729834
per-pair,1,srv03,st04,1,12.718408346084601
per-pair,1,srv03,st04,2,19.432739674129216
per-pair,1,srv03,st04,3,12.705668201724045
per-pair,1,srv03,st04,4,13.76713281507831
per-pair,1,srv03,st04,5,14.167512386134963
per-pair,1,srv03,st04,6,13.295668830871376
per-pair,1,srv03,st04,7,19.34697525924661
per-pair,1,srv03,st04,8,12.81363175017866
per-pair,2,srv03,st04,1,14.35743353322842
per-pair,2,srv03,st04,2,11.853511455379069
per-pair,2,srv03,st04,3,15.387776649941115
per-pair,2,srv03,st04,4,12.66536049047873
per-pair,2,srv03,st04,5,13.496476850111751
per-pair,2,srv03,st04,6,13.783083763805315
per-pair,2,srv03,st04,7,12.660641962021577
per-pair,2,srv03,st04,8,13.065605297848656
per-pair,3,srv03,st04,1,11.48447083848115
per-pair,3,srv03,st04,2,12.935856437214872
per-pair,3,srv03,st04,3,12.21606180328537
per-pair,3,srv03,st04,4,12.583626735318687
per-pair,3,srv03,st04,5,13.812848102578569
per-pair,3,srv03,st04,6,12.777261322121452
per-pair,3,srv03,st04,7,16.467459450533447
per-pair,3,srv03,st04,8,11.495568127526255
per-pair,1,srv03,st05,1,12.690449487916041
per-pair,1,srv03,st05,2,14.64593169121126
per-pair,1,srv03,st05,3,16.705352680011625
per-pair,1,srv03,st05,4,12.570607500257099
per-pair,1,srv03,st05,5,13.985249759975943
per-pair,1,srv03,st05,6,13.744036630604814
per-pair,1,srv03,st05,7,14.664412610197672
per-pair,1,srv03,st05,8,12.847996045516526
per-pair,2,srv03,st05,1,12.320564339341766
per-pair,2,srv03,st05,2,12.974107326217668
per-pair,2,srv03,st05,3,13.335011951887916
per-pair,2,srv03,st05,4,13.811936459341027
per-pair,2,srv03,st05,5,12.702505897069422
per-pair,2,srv03,st05,6,13.329463269912234
per-pair,2,srv03,st05,7,13.652204323096194
per-pair,2,srv03,st05,8,12.285612011935896
per-pair,3,srv03,st05,1,12.81136189888044
per-pair,3,srv03,st05,2,12.347326804610022
per-pair,3,srv03,st05,3,17.259213206394392
per-pair,3,srv03,st05,4,14.239686473015507
per-pair,3,srv03,st05,5,12.936447340448673
per-pair,3,srv03,st05,6,12.53148158498379
per-pair,3,srv03,st05,7,12.602434696093399
per-pair,3,srv03,st05,8,13.00040999726177
per-pair,1,srv03,st06,1,13.087545569580339
per-pair,1,srv03,st06,2,14.782538126542772
per-pair,1,srv03,st06,3,15.919931355549892
per-pair,1,srv03,st06,4,15.732151286320116
per-pair,1,srv03,st06,5,14.588693870805528
per-pair,1,srv03,st06,6,15.177723859953003
per-pair,1,srv03,st06,7,12.92427564898665
per-pair,1,srv03,st06,8,13.82660737765174
per-pair,2,srv03,st06,1,13.20655125131665
per-pair,2,srv03,st06,2,13.947666148451354
per-pair,2,srv03,st06,3,14.118013786482846
per-pair,2,srv03,st06,4,14.203209450540658
per-pair,2,srv03,st06,5,12.988319281076253
per-pair,2,srv03,st06,6,13.347364392474768
per-pair,2,srv03,st06,7,13.63709955440594
per-pair,2,srv03,st06,8,14.106566984440208
per-pair,3,srv03,st06,1,12.343050245646939
per-pair,3,srv03,st06,2,13.170146546008485
per-pair,3,srv03,st06,3,13.300714254720676
per-pair,3,srv03,st06,4,12.608685738024425
per-pair,3,srv03,st06,5,12.980837567641437
per-pair,3,srv03,st06,6,12.335317107135293
per-pair,3,srv03,st06,7,15.344818689608719
per-pair,3,srv03,st06,8,15.247258812227315
per-pair,1,srv03,st07,1,13.818769869660349
per-pair,1,srv03,st07,2,13.65277252596141
per-pair,1,srv03,st07,3,12.798100725824904
per-pair,1,srv03,st07,4,12.94909478273482
per-pair,1,srv03,st07,5,12.870714187220818
per-pair,1,srv03,st07,6,13.770212348002456
per-pair,1,srv03,st07,7,15.076162392879276
per-pair,1,srv03,st07,8,12.9533764429134
per-pair,2,srv03,st07,1,15.879117496999136
per-pair,2,srv03,st07,2,12.56572228122021
per-pair,2,srv03,st07,3,12.419770783590632
per-pair,2,srv03,st07,4,12.78152567803262
per-pair,2,srv03,st07,5,14.519434638312035
per-pair,2,srv03,st07,6,15.70728392213919
per-pair,2,srv03,st07,7,13.430893189637853
per-pair,2,srv03,st07,8,12.970311052293956
per-pair,3,srv03,st07,1,14.19793040417474
per-pair,3,srv03,st07,2,13.127173260122493
per-pair,3,srv03,st07,3,14.275336166869263
per-pair,3,srv03,st07,4,14.742090687721776
per-pair,3,srv03,st07,5,14.680706087289531
per-pair,3,srv03,st07,6,15.625854173517794
per-pair,3,srv03,st07,7,13.676401596089558
per-pair,3,srv03,st07,8,13.863220493917508
per-pair,1,srv03,st08,1,13.087215937400568
per-pair,1,srv03,st08,2,13.966015751023056
per-pair,1,srv03,st08,3,14.434985106282163
per-pair,1,srv03,st08,4,13.629427348478231
per-pair,1,srv03,st08,5,13.193880907023225
per-pair,1,srv03,st08,6,12.713779318512763
per-pair,1,srv03,st08,7,13.220925068650333
per-pair,1,srv03,st08,8,15.342078617917116
per-pair,2,srv03,st08,1,12.51581154267158
per-pair,2,srv03,st08,2,14.971718654239556
per-pair,2,srv03,st08,3,12.889886058597805
per-pair,2,srv03,st08,4,12.937377182028289
per-pair,2,srv03,st08,5,15.959507807542058
per-pair,2,srv03,st08,6,13.416915196435514
per-pair,2,srv03,st08,7,12.905046518423358
per-pair,2,srv03,st08,8,12.706780908370426
per-pair,3,srv03,st08,1,12.98419482893399
per-pair,3,srv03,st08,2,15.346840964896794
per-pair,3,srv03,st08,3,14.724388341452212
per-pair,3,srv03,st08,4,14.71390272134786
per-pair,3,srv03,st08,5,14.663528054763201
per-pair,3,srv03,st08,6,13.951510759593951
per-pair,3,srv03,st08,7,14.104207602363573
per-pair,3,srv03,st08,8,14.52114207176286
app-outbound,1,srv01,st01,1,1.2143176447402357
app-outbound,1,srv01,st01,2,1.0855852945845508
app-outbound,1,srv01,st01,3,2.2890722080831116
app-outbound,1,srv01,st01,4,1.1805060154222367
app-outbound,1,srv01,st01,5,1.107045783434533
app-outbound,1,srv01,st01,6,2.1758017207206044
app-outbound,1,srv01,st01,7,6.89706557779638
app-outbound,1,srv01,st01,8,2.4019407481788853
app-outbound,1,srv01,st02,1,7.744344267339452
app-outbound,1,srv01,st02,2,1.070537467003837
app-outbound,1,srv01,st02,3,1.013442834476917
app-outbound,1,srv01,st02,4,6.167775691632453
app-outbound,1,srv01,st02,5,2.1914893022911244
app-outbound,1,srv01,st02,6,0.975213722553857
app-outbound,1,srv01,st02,7,5.830660460091503
app-outbound,1,srv01,st02,8,1.1675127090888933
app-outbound,1,srv01,st03,1,2.0557563628029443
app-outbound,1,srv01,st03,2,1.1066519997955677
app-outbound,1,srv01,st03,3,1.0904472248413968
app-outbound,1,srv01,st03,4,1.169028805409129
app-outbound,1,srv01,st03,5,2.072236387372136
app-outbound,1,srv01,st03,6,5.500710639741233
app-outbound,1,srv01,st03,7,1.2121556141372551
app-outbound,1,srv01,st03,8,8.7934387724484
app-outbound,1,srv01,st04,1,1.1893812420986647
app-outbound,1,srv01,st04,2,1.5079817310843862
app-outbound,1,srv01,st04,3,1.9024804647207658
app-outbound,1,srv01,st04,4,3.500966002962554
app-outbound,1,srv01,st04,5,2.264587442322148
app-outbound,1,srv01,st04,6,0.9332268509020211
app-outbound,1,srv01,st04,7,1.212554410969669
app-outbound,1,srv01,st04,8,1.7176674525766549
app-outbound,1,srv01,st05,1,4.973168033878438
app-outbound,1,srv01,st05,2,1.0443574228785537
app-outbound,1,srv01,st05,3,5.6005811444532645
app-outbound,1,srv01,st05,4,7.7853707390111815
app-outbound,1,srv01,st05,5,9.13307795537486
app-outbound,1,srv01,st05,6,1.042749623535275
app-outbound,1,srv01,st05,7,2.0346525928393615
app-outbound,1,srv01,st05,8,7.40042075983471
app-outbound,1,srv01,st06,1,1.4478083179203467
app-outbound,1,srv01,st06,2,1.1783310735452817
app-outbound,1,srv01,st06,3,1.558820936515428
app-outbound,1,srv01,st06,4,1.5019755203030385
app-outbound,1,srv01,st06,5,0.9706974127907202
app-outbound,1,srv01,st06,6,1.1922944852903279
app-outbound,1,srv01,st06,7,1.6467563520950734
app-outbound,1,srv01,st06,8,0.9686527079419462
app-outbound,1,srv01,st07,1,1.4457236731500278
app-outbound,1,srv01,st07,2,1.4207591364010634
app-outbound,1,srv01,st07,3,1.3670770812672652
app-outbound,1,srv01,st07,4,1.4270068241068772
app-outbound,1,srv01,st07,5,1.2119640346802025
app-outbound,1,srv01,st07,6,1.2021337568214048
app-outbound,1,srv01,st07,7,2.511963668851415
app-outbound,1,srv01,st07,8,2.426025195303615
app-outbound,1,srv01,st08,1,6.038181444196036
app-outbound,1,srv01,st08,2,2.945514463505896
app-outbound,1,srv01,st08,3,1.9822620638242086
app-outbound,1,srv01,st08,4,1.2358085183248946
app-outbound,1,srv01,st08,5,2.4401208668097842
app-outbound,1,srv01,st08,6,1.2127882216281285
app-outbound,1,srv01,st08,7,6.5592772512410145
app-outbound,1,srv01,st08,8,1.3417132425476335
app-outbound,1,srv02,st01,1,6.320841881124992
app-outbound,1,srv02,st01,2,1.142997862704172
app-outbound,1,srv02,st01,3,0.7663530357912344
app-outbound,1,srv02,st01,4,0.810309786946244
app-outbound,1,srv02,st01,5,0.7658025387585804
app-outbound,1,srv02,st01,6,0.8072514700981666
app-outbound,1,srv02,st01,7,1.7854584829797908
app-outbound,1,srv02,st01,8,3.162649142837524
app-outbound,1,srv02,st02,1,1.658366409907028
app-outbound,1,srv02,st02,2,0.7634842392972486
app-outbound,1,srv02,st02,3,4.39984498459633
app-outbound,1,srv02,st02,4,1.6653349785003277
app-outbound,1,srv02,st02,5,2.1262173185245192
app-outbound,1,srv02,st02,6,6.2918528632581445
app-outbound,1,srv02,st02,7,1.7947450109351462
app-outbound,1,srv02,st02,8,0.7653192228766755
app-outbound,1,srv02,st03,1,1.8901919502598572
app-outbound,1,srv02,st03,2,0.7632830620946293
app-outbound,1,srv02,st03,3,3.2432812751753235
app-outbound,1,srv02,st03,4,3.601463286913198
app-outbound,1,srv02,st03,5,10.896759943101115
app-outbound,1,srv02,st03,6,3.1735777327481314
app-outbound,1,srv02,st03,7,2.1354388442717394
app-outbound,1,srv02,st03,8,1.6576982617353122
app-outbound,1,srv02,st04,1,1.6815252687553275
app-outbound,1,srv02,st04,2,10.976169145968315
app-outbound,1,srv02,st04,3,10.864806992184727
app-outbound,1,srv02,st04,4,1.5733000770501508
app-outbound,1,srv02,st04,5,1.660960254127082
app-outbound,1,srv02,st04,6,1.6682652688834931
app-outbound,1,srv02,st04,7,3.8407950073575603
app-outbound,1,srv02,st04,8,0.935823944826222
app-outbound,1,srv02,st05,1,1.5762860438289887
app-outbound,1,srv02,st05,2,6.778473879786018
app-outbound,1,srv02,st05,3,0.7880119516424375
app-outbound,1,srv02,st05,4,1.223265742079967
app-outbound,1,srv02,st05,5,2.5518639237939382
app-outbound,1,srv02,st05,6,4.199273066250076
app-outbound,1,srv02,st05,7,0.7702344537424516
app-outbound,1,srv02,st05,8,1.756896509714347
app-outbound,1,srv02,st06,1,1.31360507674178
app-outbound,1,srv02,st06,2,1.704838430386878
app-outbound,1,srv02,st06,3,0.7713213167673576
app-outbound,1,srv02,st06,4,3.7529950839351325
app-outbound,1,srv02,st06,5,1.7822750833178047
app-outbound,1,srv02,st06,6,2.124592799058668
app-outbound,1,srv02,st06,7,5.808085384978388
app-outbound,1,srv02,st06,8,1.2028152637750427
app-outbound,1,srv02,st07,1,0.764005709634978
app-outbound,1,srv02,st07,2,1.6981987285970563
app-outbound,1,srv02,st07,3,2.107669753099537
app-outbound,1,srv02,st07,4,2.482795735150337
app-outbound,1,srv02,st07,5,1.6738151028595125
app-outbound,1,srv02,st07,6,3.117573908131477
app-outbound,1,srv02,st07,7,1.7141064120427465
app-outbound,1,srv02,st07,8,0.758321585448534
app-outbound,1,srv02,st08,1,1.8065847736959428
app-outbound,1,srv02,st08,2,3.402826504165895
app-outbound,1,srv02,st08,3,1.9701572478430405
app-outbound,1,srv02,st08,4,1.8629584918486712
app-outbound,1,srv02,st08,5,2.0867407009304935
app-outbound,1,srv02,st08,6,3.4308233100190053
app-outbound,1,srv02,st08,7,2.0690897808857733
app-outbound,1,srv02,st08,8,3.5796415373861477
app-outbound,1,srv03,st01,1,1.986925570043119
app-outbound,1,srv03,st01,2,0.5906273062201727
app-outbound,1,srv03,st01,3,8.608692812835493
app-outbound,1,srv03,st01,4,2.240307458745556
app-outbound,1,srv03,st01,5,3.2215915729375943
app-outbound,1,srv03,st01,6,9.798860246259594
app-outbound,1,srv03,st01,7,2.26903819932849
app-outbound,1,srv03,st01,8,0.5336333112529636
app-outbound,1,srv03,st02,1,1.3041672480278685
app-outbound,1,srv03,st02,2,2.2569818265041643
app-outbound,1,srv03,st02,3,2.4714354479734557
app-outbound,1,srv03,st02,4,5.184285774380387
app-outbound,1,srv03,st02,5,2.4669528277100863
app-outbound,1,srv03,st02,6,2.003635139163025
app-outbound,1,srv03,st02,7,3.415835283148339
app-outbound,1,srv03,st02,8,0.590355845855049
app-outbound,1,srv03,st03,1,3.39325784059172
app-outbound,1,srv03,st03,2,1.2436572946944726
app-outbound,1,srv03,st03,3,6.937212768885624
app-outbound,1,srv03,st03,4,4.835221702423917
app-outbound,1,srv03,st03,5,0.430171766150679
app-outbound,1,srv03,st03,6,2.0783370587839953
app-outbound,1,srv03,st03,7,1.3682974001672743
app-outbound,1,srv03,st03,8,1.0358305792874962
app-outbound,1,srv03,st04,1,0.5132430872305807
app-outbound,1,srv03,st04,2,2.7918103116489834
app-outbound,1,srv03,st04,3,3.878265794932827
app-outbound,1,srv03,st04,4,2.0745466201569434
app-outbound,1,srv03,st04,5,4.5413884639178965
app-outbound,1,srv03,st04,6,2.441750503197886
app-outbound,1,srv03,st04,7,0.6045689259542093
app-outbound,1,srv03,st04,8,0.3890228199679768
app-outbound,1,srv03,st05,1,2.1223757043110436
app-outbound,1,srv03,st05,2,3.0647702850263716
app-outbound,1,srv03,st05,3,2.24182432664186
app-outbound,1,srv03,st05,4,5.277802862540209
app-outbound,1,srv03,st05,5,1.9781111282553174
app-outbound,1,srv03,st05,6,0.5181116761143687
app-outbound,1,srv03,st05,7,2.4749544834660133
app-outbound,1,srv03,st05,8,0.42466737712345803
app-outbound,1,srv03,st06,1,3.308757910380941
app-outbound,1,srv03,st06,2,2.9720188737983855
app-outbound,1,srv03,st06,3,2.0751083288421155
app-outbound,1,srv03,st06,4,2.0828983190103525
app-outbound,1,srv03,st06,5,7.90169329702626
app-outbound,1,srv03,st06,6,0.5922664426282686
app-outbound,1,srv03,st06,7,2.08601781030599
app-outbound,1,srv03,st06,8,6.08217790976128
app-outbound,1,srv03,st07,1,4.678179820475287
app-outbound,1,srv03,st07,2,4.776005982968247
app-outbound,1,srv03,st07,3,6.638141469239497
app-outbound,1,srv03,st07,4,0.5917148102913706
app-outbound,1,srv03,st07,5,4.07684011464678
app-outbound,1,srv03,st07,6,5.6414164722990305
app-outbound,1,srv03,st07,7,3.523450126712082
app-outbound,1,srv03,st07,8,9.96869173768758
app-outbound,1,srv03,st08,1,0.38418452987546703
app-outbound,1,srv03,st08,2,1.1677053164852738
app-outbound,1,srv03,st08,3,0.509037730119414
app-outbound,1,srv03,st08,4,2.4769796656718324
app-outbound,1,srv03,st08,5,3.3425941511507915
app-outbound,1,srv03,st08,6,0.42734161116495534
app-outbound,1,srv03,st08,7,2.96498498140295
app-outbound,1,srv03,st08,8,1.9925307241227
app-outbound,2,srv01,st01,1,6.116227980254915
app-outbound,2,srv01,st01,2,4.867016342152298
app-outbound,2,srv01,st01,3,3.8163292337280037
app-outbound,2,srv01,st01,4,1.28695572164079
app-outbound,2,srv01,st01,5,3.0894749151925116
app-outbound,2,srv01,st01,6,0.5995100885450851
app-outbound,2,srv01,st01,7,2.9857977416352903
app-outbound,2,srv01,st01,8,1.3712518609839437
app-outbound,2,srv01,st02,1,1.9707289698246386
app-outbound,2,srv01,st02,2,2.843740014720973
app-outbound,2,srv01,st02,3,4.8050319247215905
app-outbound,2,srv01,st02,4,0.5748436445490438
app-outbound,2,srv01,st02,5,2.8611723613403455
app-outbound,2,srv01,st02,6,2.010740355874817
app-outbound,2,srv01,st02,7,2.0745715799622935
app-outbound,2,srv01,st02,8,6.114166203763035
app-outbound,2,srv01,st03,1,0.6032300824399666
app-outbound,2,srv01,st03,2,3.6107167352896257
app-outbound,2,srv01,st03,3,4.289107005375096
app-outbound,2,srv01,st03,4,1.2829616405337594
app-outbound,2,srv01,st03,5,3.4564598762999252
app-outbound,2,srv01,st03,6,0.605580613216766
app-outbound,2,srv01,st03,7,1.9360203540320864
app-outbound,2,srv01,st03,8,0.5166230720524279
app-outbound,2,srv01,st04,1,3.1366113957513426
app-outbound,2,srv01,st04,2,0.56368863874148
app-outbound,2,srv01,st04,3,2.910847586122392
app-outbound,2,srv01,st04,4,3.1743420970702965
app-outbound,2,srv01,st04,5,3.04595023513652
app-outbound,2,srv01,st04,6,0.561399281690631
app-outbound,2,srv01,st04,7,1.5988537598976866
app-outbound,2,srv01,st04,8,1.3939737798547247
app-outbound,2,srv01,st05,1,1.9717170904251022
app-outbound,2,srv01,st05,2,1.9045565078482631
app-outbound,2,srv01,st05,3,6.612687233499173
app-outbound,2,srv01,st05,4,5.12188133263824
app-outbound,2,srv01,st05,5,0.581014186441645
app-outbound,2,srv01,st05,6,0.5804374757403608
app-outbound,2,srv01,st05,7,1.8109808275444155
app-outbound,2,srv01,st05,8,3.4600239115804685
app-outbound,2,srv01,st06,1,3.1158570821836657
app-outbound,2,srv01,st06,2,1.662949405227428
app-outbound,2,srv01,st06,3,1.2768614700096061
app-outbound,2,srv01,st06,4,1.5464794646709354
app-outbound,2,srv01,st06,5,8.032179188884115
app-outbound,2,srv01,st06,6,2.5634921195182114
app-outbound,2,srv01,st06,7,0.5998520878777179
app-outbound,2,srv01,st06,8,1.2953163064155864
app-outbound,2,srv01,st07,1,2.8548548440978885
app-outbound,2,srv01,st07,2,2.5041080200186787
app-outbound,2,srv01,st07,3,6.825147589592308
app-outbound,2,srv01,st07,4,7.152253812967832
app-outbound,2,srv01,st07,5,0.581460038154157
app-outbound,2,srv01,st07,6,3.1430464804344678
app-outbound,2,srv01,st07,7,6.716621897210205
app-outbound,2,srv01,st07,8,1.2841638963282709
app-outbound,2,srv01,st08,1,2.8786288672819498
app-outbound,2,srv01,st08,2,0.581868642592029
app-outbound,2,srv01,st08,3,1.5786168799572708
app-outbound,2,srv01,st08,4,1.8977358732262632
app-outbound,2,srv01,st08,5,0.5182030031577968
app-outbound,2,srv01,st08,6,1.8854545039942
app-outbound,2,srv01,st08,7,1.3052941557350548
app-outbound,2,srv01,st08,8,3.5182387321333
app-outbound,2,srv02,st01,1,4.978580432656257
app-outbound,2,srv02,st01,2,3.424858067798671
app-outbound,2,srv02,st01,3,0.7678850402821941
app-outbound,2,srv02,st01,4,0.923513737972141
app-outbound,2,srv02,st01,5,4.066264481163421
app-outbound,2,srv02,st01,6,0.800726929070699
app-outbound,2,srv02,st01,7,1.481699145930021
app-outbound,2,srv02,st01,8,0.803099304434828
app-outbound,2,srv02,st02,1,5.004375936305693
app-outbound,2,srv02,st02,2,0.7681140441493519
app-outbound,2,srv02,st02,3,1.6398389440919001
app-outbound,2,srv02,st02,4,2.974241036887053
app-outbound,2,srv02,st02,5,1.3257689470626053
app-outbound,2,srv02,st02,6,3.711448768833956
app-outbound,2,srv02,st02,7,2.4966174920349324
app-outbound,2,srv02,st02,8,0.8999268006022609
app-outbound,2,srv02,st03,1,3.3247094888419477
app-outbound,2,srv02,st03,2,4.1786779658903965
app-outbound,2,srv02,st03,3,1.496571465771214
app-outbound,2,srv02,st03,4,0.9254547336110361
app-outbound,2,srv02,st03,5,4.8778600416737605
app-outbound,2,srv02,st03,6,0.7703450232770324
app-outbound,2,srv02,st03,7,9.062790105910391
app-outbound,2,srv02,st03,8,1.697197850159064
app-outbound,2,srv02,st04,1,3.661691979300762
app-outbound,2,srv02,st04,2,0.8264693512282886
app-outbound,2,srv02,st04,3,0.8245600809801625
app-outbound,2,srv02,st04,4,0.9200323314654033
app-outbound,2,srv02,st04,5,1.4995985241991867
app-outbound,2,srv02,st04,6,0.7937670907998597
app-outbound,2,srv02,st04,7,0.9088475904237495
app-outbound,2,srv02,st04,8,0.772839391741453
app-outbound,2,srv02,st05,1,3.715196118361501
app-outbound,2,srv02,st05,2,3.967437116418164
app-outbound,2,srv02,st05,3,0.7831337197953125
app-outbound,2,srv02,st05,4,4.4425942505964695
app-outbound,2,srv02,st05,5,0.919626272195773
app-outbound,2,srv02,st05,6,0.9173718578992193
app-outbound,2,srv02,st05,7,1.6748244784016184
app-outbound,2,srv02,st05,8,0.842342678219532
app-outbound,2,srv02,st06,1,0.9126073598647004
app-outbound,2,srv02,st06,2,3.587524446365419
app-outbound,2,srv02,st06,3,5.203402463839206
app-outbound,2,srv02,st06,4,1.6152445111535656
app-outbound,2,srv02,st06,5,7.900042263609843
app-outbound,2,srv02,st06,6,11.844423004660246
app-outbound,2,srv02,st06,7,0.9034586547988896
app-outbound,2,srv02,st06,8,4.64495572004172
app-outbound,2,srv02,st07,1,0.8317527837951948
app-outbound,2,srv02,st07,2,3.0719038729572654
app-outbound,2,srv02,st07,3,0.816968009426906
app-outbound,2,srv02,st07,4,8.084291905659773
app-outbound,2,srv02,st07,5,3.4011316130643534
app-outbound,2,srv02,st07,6,3.0155871644444874
app-outbound,2,srv02,st07,7,0.9188012012047048
app-outbound,2,srv02,st07,8,8.531872114106864
app-outbound,2,srv02,st08,1,0.7849278106168052
app-outbound,2,srv02,st08,2,1.5138143148248684
app-outbound,2,srv02,st08,3,0.7966979267363304
app-outbound,2,srv02,st08,4,2.99170225071475
app-outbound,2,srv02,st08,5,1.170475571226912
app-outbound,2,srv02,st08,6,0.7827957331608555
app-outbound,2,srv02,st08,7,1.5574170464035106
app-outbound,2,srv02,st08,8,0.7994809868581335
app-outbound,2,srv03,st01,1,1.6293499882927
app-outbound,2,srv03,st01,2,1.8511505992722426
app-outbound,2,srv03,st01,3,1.839284417315057
app-outbound,2,srv03,st01,4,1.621376578104238
app-outbound,2,srv03,st01,5,1.8293668057381751
app-outbound,2,srv03,st01,6,6.424156928380576
app-outbound,2,srv03,st01,7,8.185393674678268
app-outbound,2,srv03,st01,8,0.8243544956655491
app-outbound,2,srv03,st02,1,4.266158308419071
app-outbound,2,srv03,st02,2,2.974854364894701
app-outbound,2,srv03,st02,3,2.146850313368921
app-outbound,2,srv03,st02,4,4.229143949155646
app-outbound,2,srv03,st02,5,2.83289171433445
app-outbound,2,srv03,st02,6,3.399750548450715
app-outbound,2,srv03,st02,7,3.4647659734033853
app-outbound,2,srv03,st02,8,1.0043509097587358
app-outbound,2,srv03,st03,1,4.479476767327798
app-outbound,2,srv03,st03,2,1.6160946251570476
app-outbound,2,srv03,st03,3,0.9357539935915069
app-outbound,2,srv03,st03,4,1.3113549398797437
app-outbound,2,srv03,st03,5,2.144825624911725
app-outbound,2,srv03,st03,6,1.1209789248794106
app-outbound,2,srv03,st03,7,0.969736291399204
app-outbound,2,srv03,st03,8,2.8541110652939268
app-outbound,2,srv03,st04,1,1.1827128532716193
app-outbound,2,srv03,st04,2,2.3374683082481074
app-outbound,2,srv03,st04,3,4.755772338211563
app-outbound,2,srv03,st04,4,1.36698089991882
app-outbound,2,srv03,st04,5,0.8249376713697647
app-outbound,2,srv03,st04,6,4.99090458722662
app-outbound,2,srv03,st04,7,4.09836497433153
app-outbound,2,srv03,st04,8,4.17923564825603
app-outbound,2,srv03,st05,1,1.0024757971581253
app-outbound,2,srv03,st05,2,1.0355275705532057
app-outbound,2,srv03,st05,3,0.962202003746909
app-outbound,2,srv03,st05,4,0.7944964754230273
app-outbound,2,srv03,st05,5,4.29025999590136
app-outbound,2,srv03,st05,6,1.6103575472640246
app-outbound,2,srv03,st05,7,2.9203917830403507
app-outbound,2,srv03,st05,8,3.923173412867036
app-outbound,2,srv03,st06,1,0.8302539215806207
app-outbound,2,srv03,st06,2,3.7772352639710576
app-outbound,2,srv03,st06,3,1.5031496185709377
app-outbound,2,srv03,st06,4,1.9014187980473771
app-outbound,2,srv03,st06,5,1.934409106898236
app-outbound,2,srv03,st06,6,1.0061891284559004
app-outbound,2,srv03,st06,7,8.15268256190812
app-outbound,2,srv03,st06,8,1.8375746206884045
app-outbound,2,srv03,st07,1,4.88669323815125
app-outbound,2,srv03,st07,2,1.18858898643622
app-outbound,2,srv03,st07,3,2.51816590373918
app-outbound,2,srv03,st07,4,5.539379540976858
app-outbound,2,srv03,st07,5,4.600129916628178
app-outbound,2,srv03,st07,6,0.8246505097953922
app-outbound,2,srv03,st07,7,1.3416353830355976
app-outbound,2,srv03,st07,8,2.1533099351404346
app-outbound,2,srv03,st08,1,2.1070359900633644
app-outbound,2,srv03,st08,2,4.787794706481965
app-outbound,2,srv03,st08,3,1.6252943212940794
app-outbound,2,srv03,st08,4,5.859079336704512
app-outbound,2,srv03,st08,5,3.17614047742098
app-outbound,2,srv03,st08,6,4.32660055653787
app-outbound,2,srv03,st08,7,3.8568911792515896
app-outbound,2,srv03,st08,8,12.145755030504784
app-outbound,3,srv01,st01,1,2.4756950276418412
app-outbound,3,srv01,st01,2,2.4069444109384586
app-outbound,3,srv01,st01,3,0.38030415490357666
app-outbound,3,srv01,st01,4,1.252418135751893
app-outbound,3,srv01,st01,5,2.392421848030347
app-outbound,3,srv01,st01,6,1.257844436333083
app-outbound,3,srv01,st01,7,0.3814138814314529
app-outbound,3,srv01,st01,8,1.244685002073386
app-outbound,3,srv01,st02,1,0.36527949463500353
app-outbound,3,srv01,st02,2,1.4452803313567415
app-outbound,3,srv01,st02,3,6.702570930071195
app-outbound,3,srv01,st02,4,1.0250037876891755
app-outbound,3,srv01,st02,5,0.34691656191464615
app-outbound,3,srv01,st02,6,5.44161896689715
app-outbound,3,srv01,st02,7,1.034812206427506
app-outbound,3,srv01,st02,8,1.1124363381530804
app-outbound,3,srv01,st03,1,0.37277709744020116
app-outbound,3,srv01,st03,2,0.9295070201516918
app-outbound,3,srv01,st03,3,2.2580357848413577
app-outbound,3,srv01,st03,4,2.3417897193950963
app-outbound,3,srv01,st03,5,2.8740662893837245
app-outbound,3,srv01,st03,6,2.5214434381666004
app-outbound,3,srv01,st03,7,2.252037133190743
app-outbound,3,srv01,st03,8,7.456931294197247
app-outbound,3,srv01,st04,1,0.36838726458557225
app-outbound,3,srv01,st04,2,2.179587876625502
app-outbound,3,srv01,st04,3,12.989824536175991
app-outbound,3,srv01,st04,4,0.37665772666245273
app-outbound,3,srv01,st04,5,1.2788677111971247
app-outbound,3,srv01,st04,6,11.058433532305644
app-outbound,3,srv01,st04,7,1.2488703564058614
app-outbound,3,srv01,st04,8,1.2560354688232327
app-outbound,3,srv01,st05,1,2.3616738545207316
app-outbound,3,srv01,st05,2,0.37280412234279797
app-outbound,3,srv01,st05,3,5.40847997649225
app-outbound,3,srv01,st05,4,0.348634702745705
app-outbound,3,srv01,st05,5,1.2029747524770091
app-outbound,3,srv01,st05,6,6.24457062896089
app-outbound,3,srv01,st05,7,1.2062209344655557
app-outbound,3,srv01,st05,8,2.2475113573999717
app-outbound,3,srv01,st06,1,3.569009394734689
app-outbound,3,srv01,st06,2,0.370077906181985
app-outbound,3,srv01,st06,3,3.558637339374603
app-outbound,3,srv01,st06,4,2.2739617276685262
app-outbound,3,srv01,st06,5,2.38373774408702
app-outbound,3,srv01,st06,6,2.4026992943240764
app-outbound,3,srv01,st06,7,1.454875185677217
app-outbound,3,srv01,st06,8,0.3502731349320832
app-outbound,3,srv01,st07,1,1.2373753376202214
app-outbound,3,srv01,st07,2,3.8918854567144376
app-outbound,3,srv01,st07,3,0.35956257802541874
app-outbound,3,srv01,st07,4,7.830921504476656
app-outbound,3,srv01,st07,5,5.4638980460139335
app-outbound,3,srv01,st07,6,0.36844045061706926
app-outbound,3,srv01,st07,7,0.37661054005918854
app-outbound,3,srv01,st07,8,7.5925908204832835
app-outbound,3,srv01,st08,1,2.0897988196824264
app-outbound,3,srv01,st08,2,0.347063365192994
app-outbound,3,srv01,st08,3,6.6329005186675705
app-outbound,3,srv01,st08,4,0.35615533572267943
app-outbound,3,srv01,st08,5,1.24334116931181
app-outbound,3,srv01,st08,6,6.211812522679544
app-outbound,3,srv01,st08,7,6.564131842003827
app-outbound,3,srv01,st08,8,0.359882126141623
app-outbound,3,srv02,st01,1,1.3773796297856467
app-outbound,3,srv02,st01,2,1.2748079696686714
app-outbound,3,srv02,st01,3,4.2356411523450195
app-outbound,3,srv02,st01,4,4.908165565251524
app-outbound,3,srv02,st01,5,1.2505904498821399
app-outbound,3,srv02,st01,6,2.5107490701291555
app-outbound,3,srv02,st01,7,1.4389829184362133
app-outbound,3,srv02,st01,8,1.0674845046803496
app-outbound,3,srv02,st02,1,3.8384826588159697
app-outbound,3,srv02,st02,2,1.2469624840111022
app-outbound,3,srv02,st02,3,1.0973802879945362
app-outbound,3,srv02,st02,4,1.0785585425016668
app-outbound,3,srv02,st02,5,0.8819001376444168
app-outbound,3,srv02,st02,6,8.893401447010111
app-outbound,3,srv02,st02,7,1.09225105651621
app-outbound,3,srv02,st02,8,1.626499399277016
app-outbound,3,srv02,st03,1,2.4661616436049565
app-outbound,3,srv02,st03,2,1.0870002895555655
app-outbound,3,srv02,st03,3,1.4718502174316717
app-outbound,3,srv02,st03,4,6.962587315936238
app-outbound,3,srv02,st03,5,1.4545401407538214
app-outbound,3,srv02,st03,6,1.4541250833877446
app-outbound,3,srv02,st03,7,5.054306462587395
app-outbound,3,srv02,st03,8,1.0733733008735324
app-outbound,3,srv02,st04,1,1.0146290745636444
app-outbound,3,srv02,st04,2,1.241477961924101
app-outbound,3,srv02,st04,3,2.5788168582801534
app-outbound,3,srv02,st04,4,2.3630915267769383
app-outbound,3,srv02,st04,5,4.274355224593726
app-outbound,3,srv02,st04,6,1.6385792941569095
app-outbound,3,srv02,st04,7,1.2826604589823742
app-outbound,3,srv02,st04,8,1.0682283609959482
app-outbound,3,srv02,st05,1,5.345976271110509
app-outbound,3,srv02,st05,2,1.445390056820909
app-outbound,3,srv02,st05,3,7.369599245658966
app-outbound,3,srv02,st05,4,3.625468140504551
app-outbound,3,srv02,st05,5,1.91335729333221
app-outbound,3,srv02,st05,6,5.355518241463797
app-outbound,3,srv02,st05,7,1.254323459984832
app-outbound,3,srv02,st05,8,4.450734981178807
app-outbound,3,srv02,st06,1,6.854871293639883
app-outbound,3,srv02,st06,2,0.8157637973444778
app-outbound,3,srv02,st06,3,1.2829531199893627
app-outbound,3,srv02,st06,4,5.737543805193416
app-outbound,3,srv02,st06,5,2.281783724352725
app-outbound,3,srv02,st06,6,1.437935789743805
app-outbound,3,srv02,st06,7,1.3048507080368712
app-outbound,3,srv02,st06,8,1.0953294126645026
app-outbound,3,srv02,st07,1,1.2458823266690113
app-outbound,3,srv02,st07,2,1.2724633399647087
app-outbound,3,srv02,st07,3,0.9067297429896712
app-outbound,3,srv02,st07,4,1.4311979512499289
app-outbound,3,srv02,st07,5,4.53990512701927
app-outbound,3,srv02,st07,6,4.6658503719691495
app-outbound,3,srv02,st07,7,1.260077216905323
app-outbound,3,srv02,st07,8,4.943002436306077
app-outbound,3,srv02,st08,1,1.0458642641289904
app-outbound,3,srv02,st08,2,7.738557576904331
app-outbound,3,srv02,st08,3,1.4357466913889467
app-outbound,3,srv02,st08,4,2.3880528043116716
app-outbound,3,srv02,st08,5,1.0655379521313166
app-outbound,3,srv02,st08,6,1.1910336248336966
app-outbound,3,srv02,st08,7,1.6577015432419722
app-outbound,3,srv02,st08,8,4.427300688491495
app-outbound,3,srv03,st01,1,0.44710146017481567
app-outbound,3,srv03,st01,2,1.645193039840601
app-outbound,3,srv03,st01,3,1.925458293493288
app-outbound,3,srv03,st01,4,9.4664015259911
app-outbound,3,srv03,st01,5,1.5977583597429015
app-outbound,3,srv03,st01,6,7.03516118022645
app-outbound,3,srv03,st01,7,7.45371532532727
app-outbound,3,srv03,st01,8,2.69222938972856
app-outbound,3,srv03,st02,1,1.0118418694282647
app-outbound,3,srv03,st02,2,2.6957997934658082
app-outbound,3,srv03,st02,3,1.6318967495039518
app-outbound,3,srv03,st02,4,6.39963604489473
app-outbound,3,srv03,st02,5,0.5151242633609108
app-outbound,3,srv03,st02,6,1.4062633744105635
app-outbound,3,srv03,st02,7,7.8785998174455205
app-outbound,3,srv03,st02,8,0.4339261323851803
app-outbound,3,srv03,st03,1,8.416131786131933
app-outbound,3,srv03,st03,2,7.036365138457496
app-outbound,3,srv03,st03,3,0.3310744408864671
app-outbound,3,srv03,st03,4,1.5539676045092061
app-outbound,3,srv03,st03,5,0.35624427717070445
app-outbound,3,srv03,st03,6,1.3891250558190005
app-outbound,3,srv03,st03,7,0.43241350573855614
app-outbound,3,srv03,st03,8,8.22799807319398
app-outbound,3,srv03,st04,1,5.80835046922128
app-outbound,3,srv03,st04,2,3.392915700701203
app-outbound,3,srv03,st04,3,0.5127089119581074
app-outbound,3,srv03,st04,4,0.3560139956184297
app-outbound,3,srv03,st04,5,2.085455765414351
app-outbound,3,srv03,st04,6,5.8300513935056575
app-outbound,3,srv03,st04,7,7.22675293930845
app-outbound,3,srv03,st04,8,3.405114005634157
app-outbound,3,srv03,st05,1,1.7704340731138979
app-outbound,3,srv03,st05,2,1.3142466229379102
app-outbound,3,srv03,st05,3,7.116793354728966
app-outbound,3,srv03,st05,4,7.118335620803554
app-outbound,3,srv03,st05,5,0.3323474165096369
app-outbound,3,srv03,st05,6,1.0196869097685541
app-outbound,3,srv03,st05,7,0.511822623529571
app-outbound,3,srv03,st05,8,1.5735919889084373
app-outbound,3,srv03,st06,1,3.078575781792944
app-outbound,3,srv03,st06,2,0.43485330196630817
app-outbound,3,srv03,st06,3,6.71553901182921
app-outbound,3,srv03,st06,4,0.43289161030659545
app-outbound,3,srv03,st06,5,0.5163443327835971
app-outbound,3,srv03,st06,6,5.082131426992063
app-outbound,3,srv03,st06,7,0.35749536760801326
app-outbound,3,srv03,st06,8,3.0806379609987
app-outbound,3,srv03,st07,1,3.319339673951698
app-outbound,3,srv03,st07,2,1.6351794992963509
app-outbound,3,srv03,st07,3,1.4404364234376512
app-outbound,3,srv03,st07,4,2.2628276860837335
app-outbound,3,srv03,st07,5,0.9577248992458736
app-outbound,3,srv03,st07,6,1.0250334608889642
app-outbound,3,srv03,st07,7,0.4446358319472278
app-outbound,3,srv03,st07,8,6.519554640532208
app-outbound,3,srv03,st08,1,1.6032603054536378
app-outbound,3,srv03,st08,2,0.3548965408000845
app-outbound,3,srv03,st08,3,0.5211557179957809
app-outbound,3,srv03,st08,4,1.6573489325015887
app-outbound,3,srv03,st08,5,6.46136272546159
app-outbound,3,srv03,st08,6,6.763913883332636
app-outbound,3,srv03,st08,7,5.981424463650814
app-outbound,3,srv03,st08,8,0.7385413179471411
st-inbound,1,srv01,st01,1,14.168287598285755
st-inbound,1,srv01,st01,2,11.98656144897404
st-inbound,1,srv01,st01,3,12.98248518282458
st-inbound,1,srv01,st01,4,12.981087088528323
st-inbound,1,srv01,st01,5,13.061040606095617
st-inbound,1,srv01,st01,6,9.77324710665623
st-inbound,1,srv01,st01,7,10.35786897472616
st-inbound,1,srv01,st01,8,11.971095030821678
st-inbound,1,srv02,st01,1,9.82336439255605
st-inbound,1,srv02,st01,2,13.343042965814654
st-inbound,1,srv02,st01,3,14.888667522961054
st-inbound,1,srv02,st01,4,14.583579576483023
st-inbound,1,srv02,st01,5,15.928535518682612
st-inbound,1,srv02,st01,6,12.630107965008623
st-inbound,1,srv02,st01,7,12.450013016680241
st-inbound,1,srv02,st01,8,13.364145282605273
st-inbound,1,srv03,st01,1,14.215097933245826
st-inbound,1,srv03,st01,2,10.094257433536582
st-inbound,1,srv03,st01,3,14.203651056990259
st-inbound,1,srv03,st01,4,11.5226353526145
st-inbound,1,srv03,st01,5,14.394560486327336
st-inbound,1,srv03,st01,6,16.212971053148287
st-inbound,1,srv03,st01,7,10.470047021511236
st-inbound,1,srv03,st01,8,14.180145639335704
st-inbound,1,srv01,st02,1,14.9982689617875
st-inbound,1,srv01,st02,2,11.162216768823313
st-inbound,1,srv01,st02,3,9.7503209741532
st-inbound,1,srv01,st02,4,14.02058049401954
st-inbound,1,srv01,st02,5,8.123088788741947
st-inbound,1,srv01,st02,6,11.404960085916617
st-inbound,1,srv01,st02,7,8.595848437998876
st-inbound,1,srv01,st02,8,8.07846788345984
st-inbound,1,srv02,st02,1,14.2417762828804
st-inbound,1,srv02,st02,2,11.806921124323766
st-inbound,1,srv02,st02,3,13.752404046086115
st-inbound,1,srv02,st02,4,11.81621399770705
st-inbound,1,srv02,st02,5,11.118767903423901
st-inbound,1,srv02,st02,6,14.158066149347873
st-inbound,1,srv02,st02,7,12.660196515720942
st-inbound,1,srv02,st02,8,13.360067407713409
st-inbound,1,srv03,st02,1,12.757401401080319
st-inbound,1,srv03,st02,2,13.135604794015023
st-inbound,1,srv03,st02,3,15.64595084048211
st-inbound,1,srv03,st02,4,15.270783909836894
st-inbound,1,srv03,st02,5,14.7976637640401
st-inbound,1,srv03,st02,6,13.240548425948157
st-inbound,1,srv03,st02,7,14.094296765500758
st-inbound,1,srv03,st02,8,15.07522700037282
st-inbound,1,srv01,st03,1,11.092390947198211
st-inbound,1,srv01,st03,2,15.803368854523208
st-inbound,1,srv01,st03,3,11.000619359561256
st-inbound,1,srv01,st03,4,11.06466941786917
st-inbound,1,srv01,st03,5,15.432219301095008
st-inbound,1,srv01,st03,6,14.491172775928439
st-inbound,1,srv01,st03,7,13.912930946661549
st-inbound,1,srv01,st03,8,13.400355718784015
st-inbound,1,srv02,st03,1,14.100353760958608
st-inbound,1,srv02,st03,2,14.547940001941155
st-inbound,1,srv02,st03,3,14.307599144735338
st-inbound,1,srv02,st03,4,14.294832811618534
st-inbound,1,srv02,st03,5,13.33911418169565
st-inbound,1,srv02,st03,6,12.769194837608888
st-inbound,1,srv02,st03,7,14.559780098705884
st-inbound,1,srv02,st03,8,12.96136703546742
st-inbound,1,srv03,st03,1,14.8773642590912
st-inbound,1,srv03,st03,2,11.64861022154528
st-inbound,1,srv03,st03,3,12.595299552357481
st-inbound,1,srv03,st03,4,14.325774703821077
st-inbound,1,srv03,st03,5,12.363776117007982
st-inbound,1,srv03,st03,6,12.430403766258433
st-inbound,1,srv03,st03,7,13.405701480499612
st-inbound,1,srv03,st03,8,13.91762027805209
st-inbound,1,srv01,st04,1,10.478528384732599
st-inbound,1,srv01,st04,2,10.080745854744949
st-inbound,1,srv01,st04,3,9.807069936215564
st-inbound,1,srv01,st04,4,11.260077602647844
st-inbound,1,srv01,st04,5,11.553851050315723
st-inbound,1,srv01,st04,6,10.68794026932762
st-inbound,1,srv01,st04,7,9.796540578558224
st-inbound,1,srv01,st04,8,13.608823404726593
st-inbound,1,srv02,st04,1,14.502486218934488
st-inbound,1,srv02,st04,2,14.605027770963455
st-inbound,1,srv02,st04,3,12.067441114212524
st-inbound,1,srv02,st04,4,15.34562506471847
st-inbound,1,srv02,st04,5,12.89253579255383
st-inbound,1,srv02,st04,6,15.29302172912287
st-inbound,1,srv02,st04,7,11.681872645249749
st-inbound,1,srv02,st04,8,10.167809711088081
st-inbound,1,srv03,st04,1,13.924851971539894
st-inbound,1,srv03,st04,2,12.984510714706039
st-inbound,1,srv03,st04,3,12.311581351147098
st-inbound,1,srv03,st04,4,15.042760038269495
st-inbound,1,srv03,st04,5,13.982042797324434
st-inbound,1,srv03,st04,6,13.09302910514427
st-inbound,1,srv03,st04,7,13.051697920123509
st-inbound,1,srv03,st04,8,12.984239833789413
st-inbound,1,srv01,st05,1,14.693676294139586
st-inbound,1,srv01,st05,2,14.419691371007236
st-inbound,1,srv01,st05,3,10.73094144490626
st-inbound,1,srv01,st05,4,9.728909231731476
st-inbound,1,srv01,st05,5,7.962475204660632
st-inbound,1,srv01,st05,6,14.333014601540594
st-inbound,1,srv01,st05,7,8.04898158277644
st-inbound,1,srv01,st05,8,8.745663757238406
st-inbound,1,srv02,st05,1,13.136892486897292
st-inbound,1,srv02,st05,2,12.884493514239114
st-inbound,1,srv02,st05,3,14.061292255549134
st-inbound,1,srv02,st05,4,14.89136462555652
st-inbound,1,srv02,st05,5,15.313107274521272
st-inbound,1,srv02,st05,6,13.183073154042816
st-inbound,1,srv02,st05,7,14.163090698736523
st-inbound,1,srv02,st05,8,13.336469863927332
st-inbound,1,srv03,st05,1,14.227744900564161
st-inbound,1,srv03,st05,2,13.559243786726286
st-inbound,1,srv03,st05,3,14.045994385332113
st-inbound,1,srv03,st05,4,13.637361556253905
st-inbound,1,srv03,st05,5,13.712198204701256
st-inbound,1,srv03,st05,6,13.34581800141173
st-inbound,1,srv03,st05,7,12.839887480645595
st-inbound,1,srv03,st05,8,14.088897992533525
st-inbound,1,srv01,st06,1,13.36536415025449
st-inbound,1,srv01,st06,2,9.61915804242785
st-inbound,1,srv01,st06,3,14.905963832733738
st-inbound,1,srv01,st06,4,14.680348247675521
st-inbound,1,srv01,st06,5,13.552750913289868
st-inbound,1,srv01,st06,6,11.409402855236811
st-inbound,1,srv01,st06,7,9.319662528180354
st-inbound,1,srv01,st06,8,10.597073154813222
st-inbound,1,srv02,st06,1,10.837863829354118
st-inbound,1,srv02,st06,2,13.956160283839255
st-inbound,1,srv02,st06,3,10.240488527458792
st-inbound,1,srv02,st06,4,15.05011773166761
st-inbound,1,srv02,st06,5,9.54017925267782
st-inbound,1,srv02,st06,6,9.872136946219891
st-inbound,1,srv02,st06,7,15.491169708017596
st-inbound,1,srv02,st06,8,9.814160128724453
st-inbound,1,srv03,st06,1,13.404162291011616
st-inbound,1,srv03,st06,2,19.237812955579813
st-inbound,1,srv03,st06,3,14.38364266516339
st-inbound,1,srv03,st06,4,13.17944982292137
st-inbound,1,srv03,st06,5,13.132002125850228
st-inbound,1,srv03,st06,6,13.446922015803077
st-inbound,1,srv03,st06,7,13.241227947837205
st-inbound,1,srv03,st06,8,13.251014581487237
st-inbound,1,srv01,st07,1,10.235137628983718
st-inbound,1,srv01,st07,2,10.612146844253543
st-inbound,1,srv01,st07,3,14.007811886956242
st-inbound,1,srv01,st07,4,11.13149515889961
st-inbound,1,srv01,st07,5,13.715173289202449
st-inbound,1,srv01,st07,6,12.342201068477904
st-inbound,1,srv01,st07,7,13.315274650020529
st-inbound,1,srv01,st07,8,10.703066659411148
st-inbound,1,srv02,st07,1,12.922421711955462
st-inbound,1,srv02,st07,2,15.560382663848484
st-inbound,1,srv02,st07,3,13.265869119875948
st-inbound,1,srv02,st07,4,12.885023037336463
st-inbound,1,srv02,st07,5,13.011680464580008
st-inbound,1,srv02,st07,6,14.984023650327678
st-inbound,1,srv02,st07,7,14.617507901053417
st-inbound,1,srv02,st07,8,12.755700517625913
st-inbound,1,srv03,st07,1,15.236089620165833
st-inbound,1,srv03,st07,2,12.603811715446094
st-inbound,1,srv03,st07,3,13.204948583214902
st-inbound,1,srv03,st07,4,12.706706340623784
st-inbound,1,srv03,st07,5,13.506497860517946
st-inbound,1,srv03,st07,6,14.707277393609349
st-inbound,1,srv03,st07,7,13.64495188250771
st-inbound,1,srv03,st07,8,12.266834111720994
st-inbound,1,srv01,st08,1,13.525496529827636
st-inbound,1,srv01,st08,2,11.316131413388955
st-inbound,1,srv01,st08,3,13.769811618738334
st-inbound,1,srv01,st08,4,10.048943495154713
st-inbound,1,srv01,st08,5,10.4005178013894
st-inbound,1,srv01,st08,6,15.261086105467387
st-inbound,1,srv01,st08,7,14.30326784828047
st-inbound,1,srv01,st08,8,11.410458358481623
st-inbound,1,srv02,st08,1,15.1096500225749
st-inbound,1,srv02,st08,2,15.390667125997933
st-inbound,1,srv02,st08,3,11.009941657395874
st-inbound,1,srv02,st08,4,10.947171559061317
st-inbound,1,srv02,st08,5,11.942964752658613
st-inbound,1,srv02,st08,6,14.316624300523982
st-inbound,1,srv02,st08,7,13.575852380664287
st-inbound,1,srv02,st08,8,13.067775904341765
st-inbound,1,srv03,st08,1,9.634126528112565
st-inbound,1,srv03,st08,2,13.432919472465548
st-inbound,1,srv03,st08,3,13.827006885149725
st-inbound,1,srv03,st08,4,14.391923763864405
st-inbound,1,srv03,st08,5,16.44982900912495
st-inbound,1,srv03,st08,6,11.121435142590924
st-inbound,1,srv03,st08,7,13.83989118426287
st-inbound,1,srv03,st08,8,14.957670760188952
st-inbound,2,srv01,st01,1,12.286103404329555
st-inbound,2,srv01,st01,2,15.953671948394291
st-inbound,2,srv01,st01,3,12.55877354887072
st-inbound,2,srv01,st01,4,10.073066898730518
st-inbound,2,srv01,st01,5,13.484960761517433
st-inbound,2,srv01,st01,6,9.995822736649316
st-inbound,2,srv01,st01,7,12.18648989214339
st-inbound,2,srv01,st01,8,13.30316610177768
st-inbound,2,srv02,st01,1,13.479129913783227
st-inbound,2,srv02,st01,2,13.272143560765143
st-inbound,2,srv02,st01,3,13.733860839280663
st-inbound,2,srv02,st01,4,15.314307549445349
st-inbound,2,srv02,st01,5,12.6910211609227
st-inbound,2,srv02,st01,6,13.662077958073148
st-inbound,2,srv02,st01,7,15.048453117219104
st-inbound,2,srv02,st01,8,14.224369912510577
st-inbound,2,srv03,st01,1,13.786459503282105
st-inbound,2,srv03,st01,2,13.725551113850521
st-inbound,2,srv03,st01,3,13.68758877285841
st-inbound,2,srv03,st01,4,13.544241505284328
st-inbound,2,srv03,st01,5,13.839499302987967
st-inbound,2,srv03,st01,6,13.99617205566113
st-inbound,2,srv03,st01,7,12.112822264952237
st-inbound,2,srv03,st01,8,13.250556551723536
st-inbound,2,srv01,st02,1,9.76604182044756
st-inbound,2,srv01,st02,2,8.802632040182319
st-inbound,2,srv01,st02,3,13.88951082690683
st-inbound,2,srv01,st02,4,12.857289183056368
st-inbound,2,srv01,st02,5,10.6850187973692
st-inbound,2,srv01,st02,6,10.17651004799243
st-inbound,2,srv01,st02,7,7.6633697196437325
st-inbound,2,srv01,st02,8,12.907489075919493
st-inbound,2,srv02,st02,1,15.213550808174894
st-inbound,2,srv02,st02,2,13.345002552449667
st-inbound,2,srv02,st02,3,13.897863130375098
st-inbound,2,srv02,st02,4,14.745977934169
st-inbound,2,srv02,st02,5,10.445155083835793
st-inbound,2,srv02,st02,6,10.500798964636942
st-inbound,2,srv02,st02,7,14.6406407823069
st-inbound,2,srv02,st02,8,13.884188087433232
st-inbound,2,srv03,st02,1,12.464101044182497
st-inbound,2,srv03,st02,2,15.676354537467843
st-inbound,2,srv03,st02,3,14.582520248090479
st-inbound,2,srv03,st02,4,13.824447123190868
st-inbound,2,srv03,st02,5,13.31479793859321
st-inbound,2,srv03,st02,6,14.322911550715487
st-inbound,2,srv03,st02,7,14.221593380198387
st-inbound,2,srv03,st02,8,12.885486766909242
st-inbound,2,srv01,st03,1,8.232145399113445
st-inbound,2,srv01,st03,2,13.652544522234823
st-inbound,2,srv01,st03,3,13.56533908305873
st-inbound,2,srv01,st03,4,8.24893550446183
st-inbound,2,srv01,st03,5,14.134096802093993
st-inbound,2,srv01,st03,6,10.925146352892739
st-inbound,2,srv01,st03,7,10.841610882098804
st-inbound,2,srv01,st03,8,9.903802890157499
st-inbound,2,srv02,st03,1,13.623233233347095
st-inbound,2,srv02,st03,2,13.443142578991608
st-inbound,2,srv02,st03,3,10.346671207942666
st-inbound,2,srv02,st03,4,14.715311349860874
st-inbound,2,srv02,st03,5,15.241471405756837
st-inbound,2,srv02,st03,6,13.702093891064624
st-inbound,2,srv02,st03,7,9.74372577479543
st-inbound,2,srv02,st03,8,14.355304801610213
st-inbound,2,srv03,st03,1,10.120503419857092
st-inbound,2,srv03,st03,2,10.032423819031543
st-inbound,2,srv03,st03,3,14.038254355188359
st-inbound,2,srv03,st03,4,10.6588987179589
st-inbound,2,srv03,st03,5,9.96990303094555
st-inbound,2,srv03,st03,6,15.362244545375583
st-inbound,2,srv03,st03,7,9.76787918460758
st-inbound,2,srv03,st03,8,13.744389175072918
st-inbound,2,srv01,st04,1,14.755186081946821
st-inbound,2,srv01,st04,2,14.426547409581964
st-inbound,2,srv01,st04,3,10.091854875680497
st-inbound,2,srv01,st04,4,10.025707714026629
st-inbound,2,srv01,st04,5,13.712865847087956
st-inbound,2,srv01,st04,6,15.672071375518858
st-inbound,2,srv01,st04,7,9.638218165342247
st-inbound,2,srv01,st04,8,13.03732157482358
st-inbound,2,srv02,st04,1,14.313575016352077
st-inbound,2,srv02,st04,2,15.094273370422684
st-inbound,2,srv02,st04,3,11.124844504766992
st-inbound,2,srv02,st04,4,14.666023033716652
st-inbound,2,srv02,st04,5,13.860989295281096
st-inbound,2,srv02,st04,6,15.880389296596077
st-inbound,2,srv02,st04,7,14.083634032666723
st-inbound,2,srv02,st04,8,11.782214451323439
st-inbound,2,srv03,st04,1,13.7714605963269
st-inbound,2,srv03,st04,2,15.187368488911359
st-inbound,2,srv03,st04,3,15.213451462617632
st-inbound,2,srv03,st04,4,12.637524067231418
st-inbound,2,srv03,st04,5,12.900145097295761
st-inbound,2,srv03,st04,6,13.41320199600622
st-inbound,2,srv03,st04,7,14.965466607078586
st-inbound,2,srv03,st04,8,13.84748132371202
st-inbound,2,srv01,st05,1,7.039656951545996
st-inbound,2,srv01,st05,2,13.505964982525862
st-inbound,2,srv01,st05,3,14.072354024783207
st-inbound,2,srv01,st05,4,7.036511243835809
st-inbound,2,srv01,st05,5,7.776538982656895
st-inbound,2,srv01,st05,6,6.874856819840178
st-inbound,2,srv01,st05,7,12.385961966545315
st-inbound,2,srv01,st05,8,8.237341471814172
st-inbound,2,srv02,st05,1,13.879574212042842
st-inbound,2,srv02,st05,2,14.659834143650366
st-inbound,2,srv02,st05,3,12.134551426425721
st-inbound,2,srv02,st05,4,15.415059698147688
st-inbound,2,srv02,st05,5,8.428021843706224
st-inbound,2,srv02,st05,6,14.680499519519696
st-inbound,2,srv02,st05,7,7.548541893918472
st-inbound,2,srv02,st05,8,15.733690958644562
st-inbound,2,srv03,st05,1,14.140535444641404
st-inbound,2,srv03,st05,2,11.322485890354718
st-inbound,2,srv03,st05,3,11.38038006565263
st-inbound,2,srv03,st05,4,14.296990838001767
st-inbound,2,srv03,st05,5,13.9521423543957
st-inbound,2,srv03,st05,6,11.618982186350648
st-inbound,2,srv03,st05,7,11.383364121326048
st-inbound,2,srv03,st05,8,14.215333443366045
st-inbound,2,srv01,st06,1,14.552707712114756
st-inbound,2,srv01,st06,2,6.902516859901089
st-inbound,2,srv01,st06,3,6.910638907185078
st-inbound,2,srv01,st06,4,8.252026254779306
st-inbound,2,srv01,st06,5,16.280222168296614
st-inbound,2,srv01,st06,6,8.22139927712424
st-inbound,2,srv01,st06,7,14.54785807656595
st-inbound,2,srv01,st06,8,16.76453473606288
st-inbound,2,srv02,st06,1,15.785830614345864
st-inbound,2,srv02,st06,2,7.851092822881405
st-inbound,2,srv02,st06,3,16.46125991275785
st-inbound,2,srv02,st06,4,8.524097312854444
st-inbound,2,srv02,st06,5,8.379989418169487
st-inbound,2,srv02,st06,6,8.17684726830071
st-inbound,2,srv02,st06,7,7.811815295194715
st-inbound,2,srv02,st06,8,14.594332175739025
st-inbound,2,srv03,st06,1,14.120428084951895
st-inbound,2,srv03,st06,2,14.89387905198368
st-inbound,2,srv03,st06,3,11.515519676412719
st-inbound,2,srv03,st06,4,12.746933307197944
st-inbound,2,srv03,st06,5,12.673140239168983
st-inbound,2,srv03,st06,6,13.659756617043453
st-inbound,2,srv03,st06,7,13.640838678348048
st-inbound,2,srv03,st06,8,15.0422778292881
st-inbound,2,srv01,st07,1,14.072800647538314
st-inbound,2,srv01,st07,2,11.43492329482283
st-inbound,2,srv01,st07,3,10.313660489779682
st-inbound,2,srv01,st07,4,9.280345862205044
st-inbound,2,srv01,st07,5,9.219620987955919
st-inbound,2,srv01,st07,6,10.3245393254427
st-inbound,2,srv01,st07,7,11.488050460149065
st-inbound,2,srv01,st07,8,9.4475041965292
st-inbound,2,srv02,st07,1,15.535540119685749
st-inbound,2,srv02,st07,2,13.45960556455303
st-inbound,2,srv02,st07,3,13.550341140352243
st-inbound,2,srv02,st07,4,13.86531172637482
st-inbound,2,srv02,st07,5,12.762311752074481
st-inbound,2,srv02,st07,6,14.263546883062913
st-inbound,2,srv02,st07,7,15.533530375614696
st-inbound,2,srv02,st07,8,13.887244150802404
st-inbound,2,srv03,st07,1,11.978976206804528
st-inbound,2,srv03,st07,2,13.258050370351407
st-inbound,2,srv03,st07,3,12.986123522379314
st-inbound,2,srv03,st07,4,12.639093484872514
st-inbound,2,srv03,st07,5,12.875631395367519
st-inbound,2,srv03,st07,6,12.716905457275839
st-inbound,2,srv03,st07,7,12.611918276093814
st-inbound,2,srv03,st07,8,13.595424907632978
st-inbound,2,srv01,st08,1,10.02854514494168
st-inbound,2,srv01,st08,2,13.303688387891704
st-inbound,2,srv01,st08,3,13.333659817325742
st-inbound,2,srv01,st08,4,12.297373615072209
st-inbound,2,srv01,st08,5,13.655525007763863
st-inbound,2,srv01,st08,6,11.105506858569976
st-inbound,2,srv01,st08,7,13.366077894060517
st-inbound,2,srv01,st08,8,12.463701941392
st-inbound,2,srv02,st08,1,13.444487569372336
st-inbound,2,srv02,st08,2,12.7758938605244
st-inbound,2,srv02,st08,3,12.900040042560041
st-inbound,2,srv02,st08,4,13.451954253345555
st-inbound,2,srv02,st08,5,12.966646009307652
st-inbound,2,srv02,st08,6,12.499290137678143
st-inbound,2,srv02,st08,7,11.17503506905232
st-inbound,2,srv02,st08,8,11.57934573896533
st-inbound,2,srv03,st08,1,13.373982909996817
st-inbound,2,srv03,st08,2,13.807301529125066
st-inbound,2,srv03,st08,3,13.260947829193366
st-inbound,2,srv03,st08,4,13.799175166636877
st-inbound,2,srv03,st08,5,13.075841524946286
st-inbound,2,srv03,st08,6,14.931579410353866
st-inbound,2,srv03,st08,7,15.072217909544614
st-inbound,2,srv03,st08,8,13.33322002719316
st-inbound,3,srv01,st01,1,13.771068188969412
st-inbound,3,srv01,st01,2,13.63029876487587
st-inbound,3,srv01,st01,3,12.209964985023579
st-inbound,3,srv01,st01,4,14.380937956480807
st-inbound,3,srv01,st01,5,12.925490462741491
st-inbound,3,srv01,st01,6,12.985258486378973
st-inbound,3,srv01,st01,7,12.906572659938108
st-inbound,3,srv01,st01,8,13.222582977898558
st-inbound,3,srv02,st01,1,14.406080053882341
st-inbound,3,srv02,st01,2,14.643480593075745
st-inbound,3,srv02,st01,3,13.719092167492386
st-inbound,3,srv02,st01,4,13.56853504102967
st-inbound,3,srv02,st01,5,13.334048651672322
st-inbound,3,srv02,st01,6,13.91753397491945
st-inbound,3,srv02,st01,7,14.601900437169022
st-inbound,3,srv02,st01,8,13.175496181581435
st-inbound,3,srv03,st01,1,14.555459116313749
st-inbound,3,srv03,st01,2,12.871324994877321
st-inbound,3,srv03,st01,3,11.11182492124026
st-inbound,3,srv03,st01,4,14.529419633698343
st-inbound,3,srv03,st01,5,13.057970413892455
st-inbound,3,srv03,st01,6,11.018895425396346
st-inbound,3,srv03,st01,7,12.999233030623744
st-inbound,3,srv03,st01,8,12.126927839170422
st-inbound,3,srv01,st02,1,8.622282162322646
st-inbound,3,srv01,st02,2,9.79449807245654
st-inbound,3,srv01,st02,3,9.282578481436051
st-inbound,3,srv01,st02,4,12.285371139219375
st-inbound,3,srv01,st02,5,9.3045547171861
st-inbound,3,srv01,st02,6,12.615233127117701
st-inbound,3,srv01,st02,7,12.23787975102792
st-inbound,3,srv01,st02,8,10.483319807715482
st-inbound,3,srv02,st02,1,10.53546914735634
st-inbound,3,srv02,st02,2,13.902506009864029
st-inbound,3,srv02,st02,3,10.527443270006023
st-inbound,3,srv02,st02,4,14.09600960694922
st-inbound,3,srv02,st02,5,17.04797710314658
st-inbound,3,srv02,st02,6,11.26759343660357
st-inbound,3,srv02,st02,7,12.515955963105016
st-inbound,3,srv02,st02,8,10.186922376873941
st-inbound,3,srv03,st02,1,13.173739713153473
st-inbound,3,srv03,st02,2,15.271354426393405
st-inbound,3,srv03,st02,3,12.916326310291913
st-inbound,3,srv03,st02,4,12.819246881058334
st-inbound,3,srv03,st02,5,13.581639338360729
st-inbound,3,srv03,st02,6,13.8297554853533
st-inbound,3,srv03,st02,7,13.206603415524985
st-inbound,3,srv03,st02,8,15.425318381667537
st-inbound,3,srv01,st03,1,12.148892759315517
st-inbound,3,srv01,st03,2,16.61606392131678
st-inbound,3,srv01,st03,3,10.143333835274507
st-inbound,3,srv01,st03,4,13.017724063831519
st-inbound,3,srv01,st03,5,8.68340661526689
st-inbound,3,srv01,st03,6,12.192718581450578
st-inbound,3,srv01,st03,7,11.541251296179052
st-inbound,3,srv01,st03,8,8.661731816780994
st-inbound,3,srv02,st03,1,11.840005523705209
st-inbound,3,srv02,st03,2,15.990396747563226
st-inbound,3,srv02,st03,3,15.896112768959151
st-inbound,3,srv02,st03,4,14.659537757453585
st-inbound,3,srv02,st03,5,10.312299237209716
st-inbound,3,srv02,st03,6,12.244640203706963
st-inbound,3,srv02,st03,7,15.635062364807458
st-inbound,3,srv02,st03,8,13.56457221371981
st-inbound,3,srv03,st03,1,11.365291659583738
st-inbound,3,srv03,st03,2,13.023251579693389
st-inbound,3,srv03,st03,3,10.935597451344083
st-inbound,3,srv03,st03,4,12.150275476507161
st-inbound,3,srv03,st03,5,11.758198625999519
st-inbound,3,srv03,st03,6,10.813876245024238
st-inbound,3,srv03,st03,7,11.8816237544466
st-inbound,3,srv03,st03,8,11.497017947112212
st-inbound,3,srv01,st04,1,10.241166329507433
st-inbound,3,srv01,st04,2,15.878148454306936
st-inbound,3,srv01,st04,3,15.6828959518792
st-inbound,3,srv01,st04,4,9.74589168920293
st-inbound,3,srv01,st04,5,12.668518875911591
st-inbound,3,srv01,st04,6,14.294894889085118
st-inbound,3,srv01,st04,7,9.771319515654696
st-inbound,3,srv01,st04,8,14.498710714510356
st-inbound,3,srv02,st04,1,13.422547533110519
st-inbound,3,srv02,st04,2,10.90722341382141
st-inbound,3,srv02,st04,3,10.68344292783866
st-inbound,3,srv02,st04,4,9.444960804419491
st-inbound,3,srv02,st04,5,13.65737723520124
st-inbound,3,srv02,st04,6,10.387268012868521
st-inbound,3,srv02,st04,7,14.837799638233358
st-inbound,3,srv02,st04,8,14.390981397283422
st-inbound,3,srv03,st04,1,13.72795580803306
st-inbound,3,srv03,st04,2,12.250968060759355
st-inbound,3,srv03,st04,3,11.971482448166622
st-inbound,3,srv03,st04,4,13.435319473322084
st-inbound,3,srv03,st04,5,12.301648584537308
st-inbound,3,srv03,st04,6,12.830735776736462
st-inbound,3,srv03,st04,7,13.42789215518221
st-inbound,3,srv03,st04,8,13.84294816888097
st-inbound,3,srv01,st05,1,10.516909303148827
st-inbound,3,srv01,st05,2,8.150041107479305
st-inbound,3,srv01,st05,3,13.900708575024717
st-inbound,3,srv01,st05,4,13.673345225627141
st-inbound,3,srv01,st05,5,12.79087921099666
st-inbound,3,srv01,st05,6,13.798517400112932
st-inbound,3,srv01,st05,7,10.505943084720926
st-inbound,3,srv01,st05,8,15.737528316641322
st-inbound,3,srv02,st05,1,10.588263088432386
st-inbound,3,srv02,st05,2,14.33238473605128
st-inbound,3,srv02,st05,3,14.8536465661987
st-inbound,3,srv02,st05,4,10.8040763562934
st-inbound,3,srv02,st05,5,15.38273772212163
st-inbound,3,srv02,st05,6,9.68407208031617
st-inbound,3,srv02,st05,7,10.9365370141404
st-inbound,3,srv02,st05,8,14.468305676272273
st-inbound,3,srv03,st05,1,13.98822320981396
st-inbound,3,srv03,st05,2,13.34600757063913
st-inbound,3,srv03,st05,3,13.083079831457393
st-inbound,3,srv03,st05,4,12.786073721294972
st-inbound,3,srv03,st05,5,13.418052742109833
st-inbound,3,srv03,st05,6,13.469777592627823
st-inbound,3,srv03,st05,7,13.6105955381507
st-inbound,3,srv03,st05,8,13.12829920833561
st-inbound,3,srv01,st06,1,10.089772958400092
st-inbound,3,srv01,st06,2,13.887123834736354
st-inbound,3,srv01,st06,3,10.627077463688975
st-inbound,3,srv01,st06,4,14.991267553850086
st-inbound,3,srv01,st06,5,15.562737949782644
st-inbound,3,srv01,st06,6,11.966581352748324
st-inbound,3,srv01,st06,7,10.615237366036244
st-inbound,3,srv01,st06,8,14.612122286579233
st-inbound,3,srv02,st06,1,11.372174071997806
st-inbound,3,srv02,st06,2,11.716145943852641
st-inbound,3,srv02,st06,3,14.510212900395308
st-inbound,3,srv02,st06,4,14.782393259506353
st-inbound,3,srv02,st06,5,14.160823460636244
st-inbound,3,srv02,st06,6,9.997422526235805
st-inbound,3,srv02,st06,7,15.697708832951438
st-inbound,3,srv02,st06,8,14.798130420466865
st-inbound,3,srv03,st06,1,15.005709143833089
st-inbound,3,srv03,st06,2,13.998993416613507
st-inbound,3,srv03,st06,3,12.8078908139671
st-inbound,3,srv03,st06,4,13.378370341135938
st-inbound,3,srv03,st06,5,15.278949320815613
st-inbound,3,srv03,st06,6,12.163294779565593
st-inbound,3,srv03,st06,7,13.84148928517411
st-inbound,3,srv03,st06,8,15.185276960813928
st-inbound,3,srv01,st07,1,12.532504773841206
st-inbound,3,srv01,st07,2,12.131085807542359
st-inbound,3,srv01,st07,3,13.185554423709739
st-inbound,3,srv01,st07,4,10.491331404099178
st-inbound,3,srv01,st07,5,11.7432021375886
st-inbound,3,srv01,st07,6,12.08014276190527
st-inbound,3,srv01,st07,7,11.929485039546455
st-inbound,3,srv01,st07,8,13.80587120068693
st-inbound,3,srv02,st07,1,12.453829075643815
st-inbound,3,srv02,st07,2,13.686180854052116
st-inbound,3,srv02,st07,3,12.144474106480866
st-inbound,3,srv02,st07,4,14.03898165850242
st-inbound,3,srv02,st07,5,13.656078098105832
st-inbound,3,srv02,st07,6,12.718567304063154
st-inbound,3,srv02,st07,7,13.24377082979654
st-inbound,3,srv02,st07,8,12.876137099883591
st-inbound,3,srv03,st07,1,11.182563231415157
st-inbound,3,srv03,st07,2,12.553306496984288
st-inbound,3,srv03,st07,3,11.93735894302261
st-inbound,3,srv03,st07,4,12.102202901108681
st-inbound,3,srv03,st07,5,13.878742796071771
st-inbound,3,srv03,st07,6,13.615333248417144
st-inbound,3,srv03,st07,7,13.217575656470267
st-inbound,3,srv03,st07,8,13.655965339861629
st-inbound,3,srv01,st08,1,14.28247111841087
st-inbound,3,srv01,st08,2,13.198737985466085
st-inbound,3,srv01,st08,3,15.108214162662287
st-inbound,3,srv01,st08,4,12.248783963711663
st-inbound,3,srv01,st08,5,13.490194697011122
st-inbound,3,srv01,st08,6,9.86430019256254
st-inbound,3,srv01,st08,7,14.036539499570063
st-inbound,3,srv01,st08,8,9.01567226965615
st-inbound,3,srv02,st08,1,13.024442404536915
st-inbound,3,srv02,st08,2,13.69318076526332
st-inbound,3,srv02,st08,3,16.027980456713887
st-inbound,3,srv02,st08,4,13.492206240924386
st-inbound,3,srv02,st08,5,14.379202935082871
st-inbound,3,srv02,st08,6,14.168092304299018
st-inbound,3,srv02,st08,7,14.224714692025811
st-inbound,3,srv02,st08,8,14.936688789553479
st-inbound,3,srv03,st08,1,15.169973565232354
st-inbound,3,srv03,st08,2,13.954361047672526
st-inbound,3,srv03,st08,3,14.2746522884261
st-inbound,3,srv03,st08,4,13.121673725680663
st-inbound,3,srv03,st08,5,14.369372164289382
st-inbound,3,srv03,st08,6,13.266200178335529
st-inbound,3,srv03,st08,7,14.356134100457938
st-inbound,3,srv03,st08,8,15.189389392185143
full-mesh,1,srv01,st01,1,10.77086896806251
full-mesh,1,srv01,st01,2,0.7587263510130657
full-mesh,1,srv01,st01,3,0.7363263164533282
full-mesh,1,srv01,st01,4,1.3810951676767256
full-mesh,1,srv01,st01,5,1.3443515962612018
full-mesh,1,srv01,st01,6,1.3677259252829679
full-mesh,1,srv01,st01,7,0.7457066312962688
full-mesh,1,srv01,st01,8,0.7682857962279487
full-mesh,1,srv01,st02,1,0.7693388294589165
full-mesh,1,srv01,st02,2,0.770885467497797
full-mesh,1,srv01,st02,3,0.709535491955531
full-mesh,1,srv01,st02,4,0.7167094457968927
full-mesh,1,srv01,st02,5,1.3977588360193673
full-mesh,1,srv01,st02,6,3.3494762319985
full-mesh,1,srv01,st02,7,3.7043291741394233
full-mesh,1,srv01,st02,8,1.3946742980096223
full-mesh,1,srv01,st03,1,0.70977172735742
full-mesh,1,srv01,st03,2,8.30916354830668
full-mesh,1,srv01,st03,3,1.3833241470924642
full-mesh,1,srv01,st03,4,3.1515428809522135
full-mesh,1,srv01,st03,5,0.7436099104135475
full-mesh,1,srv01,st03,6,1.3609983736364524
full-mesh,1,srv01,st03,7,0.7442652657987534
full-mesh,1,srv01,st03,8,0.7111261284868453
full-mesh,1,srv01,st04,1,0.7366005220519595
full-mesh,1,srv01,st04,2,0.6841809328352556
full-mesh,1,srv01,st04,3,8.213019799804806
full-mesh,1,srv01,st04,4,8.611134302939035
full-mesh,1,srv01,st04,5,0.6360997877002477
full-mesh,1,srv01,st04,6,0.7290158907067188
full-mesh,1,srv01,st04,7,2.895179612463828
full-mesh,1,srv01,st04,8,2.9261123255538646
full-mesh,1,srv01,st05,1,0.7504257168196344
full-mesh,1,srv01,st05,2,3.154426019549118
full-mesh,1,srv01,st05,3,1.3899091345888386
full-mesh,1,srv01,st05,4,1.2455875906778051
full-mesh,1,srv01,st05,5,3.0981531564856937
full-mesh,1,srv01,st05,6,7.35702149387667
full-mesh,1,srv01,st05,7,0.758233139668574
full-mesh,1,srv01,st05,8,3.0688807820660546
full-mesh,1,srv01,st06,1,3.848092871626518
full-mesh,1,srv01,st06,2,7.326617414137467
full-mesh,1,srv01,st06,3,7.195048152977655
full-mesh,1,srv01,st06,4,2.742205914878476
full-mesh,1,srv01,st06,5,4.050056100236914
full-mesh,1,srv01,st06,6,0.772922442137253
full-mesh,1,srv01,st06,7,6.16938987201754
full-mesh,1,srv01,st06,8,6.5751425878278535
full-mesh,1,srv01,st07,1,8.345776260090288
full-mesh,1,srv01,st07,2,1.3519058558057737
full-mesh,1,srv01,st07,3,1.3748038895784465
full-mesh,1,srv01,st07,4,3.8783790459838587
full-mesh,1,srv01,st07,5,1.37626314225543
full-mesh,1,srv01,st07,6,3.0655840429438075
full-mesh,1,srv01,st07,7,0.7400551892103953
full-mesh,1,srv01,st07,8,3.5181708238083655
full-mesh,1,srv01,st08,1,3.0640566250131203
full-mesh,1,srv01,st08,2,1.3533377327603344
full-mesh,1,srv01,st08,3,1.4018119679535366
full-mesh,1,srv01,st08,4,3.3587904606267673
full-mesh,1,srv01,st08,5,0.7358209772662206
full-mesh,1,srv01,st08,6,0.7166147818710593
full-mesh,1,srv01,st08,7,0.768619182186939
full-mesh,1,srv01,st08,8,0.7611001052362855
full-mesh,1,srv02,st01,1,2.051017849947059
full-mesh,1,srv02,st01,2,6.0222050046758095
full-mesh,1,srv02,st01,3,2.0319382280318976
full-mesh,1,srv02,st01,4,2.15254136138342
full-mesh,1,srv02,st01,5,4.9234162632213945
full-mesh,1,srv02,st01,6,2.80265533916586
full-mesh,1,srv02,st01,7,1.1806253336442207
full-mesh,1,srv02,st01,8,2.495686198850039
full-mesh,1,srv02,st02,1,2.127149062023282
full-mesh,1,srv02,st02,2,3.8603070338043515
full-mesh,1,srv02,st02,3,3.914657863969282
full-mesh,1,srv02,st02,4,1.236376529345102
full-mesh,1,srv02,st02,5,1.3776581045093594
full-mesh,1,srv02,st02,6,1.2420475404025038
full-mesh,1,srv02,st02,7,5.98029524288227
full-mesh,1,srv02,st02,8,1.2916623335980788
full-mesh,1,srv02,st03,1,1.2765681101473207
full-mesh,1,srv02,st03,2,2.1212201980176273
full-mesh,1,srv02,st03,3,2.4814669698527783
full-mesh,1,srv02,st03,4,6.012890206283105
full-mesh,1,srv02,st03,5,1.220845748519942
full-mesh,1,srv02,st03,6,5.191913787039015
full-mesh,1,srv02,st03,7,3.765331327759055
full-mesh,1,srv02,st03,8,2.69690288422051
full-mesh,1,srv02,st04,1,1.292648475815725
full-mesh,1,srv02,st04,2,1.226794033345247
full-mesh,1,srv02,st04,3,1.2699513466022883
full-mesh,1,srv02,st04,4,2.0612401171957777
full-mesh,1,srv02,st04,5,1.2899877343930142
full-mesh,1,srv02,st04,6,1.270750879739162
full-mesh,1,srv02,st04,7,3.914597249770856
full-mesh,1,srv02,st04,8,6.953666393363183
full-mesh,1,srv02,st05,1,1.9944871929797339
full-mesh,1,srv02,st05,2,1.2671259706974256
full-mesh,1,srv02,st05,3,1.18404491086561
full-mesh,1,srv02,st05,4,7.52985455344656
full-mesh,1,srv02,st05,5,1.27920190934778
full-mesh,1,srv02,st05,6,2.135916357252752
full-mesh,1,srv02,st05,7,1.9632400463707127
full-mesh,1,srv02,st05,8,1.2244451296426817
full-mesh,1,srv02,st06,1,1.2141742004161726
full-mesh,1,srv02,st06,2,1.2876655885711192
full-mesh,1,srv02,st06,3,1.2166077479580732
full-mesh,1,srv02,st06,4,2.141998060718003
full-mesh,1,srv02,st06,5,1.2931880375710512
full-mesh,1,srv02,st06,6,3.385034047600591
full-mesh,1,srv02,st06,7,4.537015161375918
full-mesh,1,srv02,st06,8,2.0440925546741173
full-mesh,1,srv02,st07,1,2.082769499515754
full-mesh,1,srv02,st07,2,1.2292181299186056
full-mesh,1,srv02,st07,3,2.5791045266463657
full-mesh,1,srv02,st07,4,1.2861990320412382
full-mesh,1,srv02,st07,5,7.384011889236238
full-mesh,1,srv02,st07,6,2.0574640720434116
full-mesh,1,srv02,st07,7,1.1869608622196253
full-mesh,1,srv02,st07,8,2.0453181659016453
full-mesh,1,srv02,st08,1,1.9263162523710295
full-mesh,1,srv02,st08,2,4.963299839235698
full-mesh,1,srv02,st08,3,1.2091801113594394
full-mesh,1,srv02,st08,4,1.9891209874892608
full-mesh,1,srv02,st08,5,1.9638767607405208
full-mesh,1,srv02,st08,6,1.4885880014659527
full-mesh,1,srv02,st08,7,2.14897050705592
full-mesh,1,srv02,st08,8,1.29171099458611
full-mesh,1,srv03,st01,1,2.7853318057901
full-mesh,1,srv03,st01,2,0.866466311838418
full-mesh,1,srv03,st01,3,2.870012372833526
full-mesh,1,srv03,st01,4,0.57618349505314
full-mesh,1,srv03,st01,5,5.657284028575503
full-mesh,1,srv03,st01,6,2.290158891384943
full-mesh,1,srv03,st01,7,7.121215387529207
full-mesh,1,srv03,st01,8,1.253038212158422
full-mesh,1,srv03,st02,1,1.153484866188232
full-mesh,1,srv03,st02,2,1.276835666627195
full-mesh,1,srv03,st02,3,2.306222628389106
full-mesh,1,srv03,st02,4,6.1924828094558855
full-mesh,1,srv03,st02,5,2.84629143066522
full-mesh,1,srv03,st02,6,1.25572451769789
full-mesh,1,srv03,st02,7,1.1547475156171576
full-mesh,1,srv03,st02,8,0.8290844506251319
full-mesh,1,srv03,st03,1,1.6204473110949882
full-mesh,1,srv03,st03,2,2.481570175511476
full-mesh,1,srv03,st03,3,0.7848920149447106
full-mesh,1,srv03,st03,4,2.55900250845441
full-mesh,1,srv03,st03,5,1.2587352508148162
full-mesh,1,srv03,st03,6,6.0620302408351066
full-mesh,1,srv03,st03,7,4.845954206792553
full-mesh,1,srv03,st03,8,0.7783166235843815
full-mesh,1,srv03,st04,1,0.845734729718411
full-mesh,1,srv03,st04,2,5.789167689183896
full-mesh,1,srv03,st04,3,0.8613147665321146
full-mesh,1,srv03,st04,4,6.665948897196804
full-mesh,1,srv03,st04,5,9.122535352396216
full-mesh,1,srv03,st04,6,0.7929740666330818
full-mesh,1,srv03,st04,7,1.1994356439893548
full-mesh,1,srv03,st04,8,8.213073640915416
full-mesh,1,srv03,st05,1,0.8416328284054072
full-mesh,1,srv03,st05,2,1.5211876805480422
full-mesh,1,srv03,st05,3,8.934408086335646
full-mesh,1,srv03,st05,4,5.785253585690214
full-mesh,1,srv03,st05,5,1.5871207408974368
full-mesh,1,srv03,st05,6,4.475942106960732
full-mesh,1,srv03,st05,7,1.2516184125368
full-mesh,1,srv03,st05,8,0.797544927538285
full-mesh,1,srv03,st06,1,1.162248383239928
full-mesh,1,srv03,st06,2,1.951491143898438
full-mesh,1,srv03,st06,3,0.8047091138525154
full-mesh,1,srv03,st06,4,10.411079533965635
full-mesh,1,srv03,st06,5,0.808837843730576
full-mesh,1,srv03,st06,6,0.797661874388693
full-mesh,1,srv03,st06,7,7.88320896103726
full-mesh,1,srv03,st06,8,0.7745540941505307
full-mesh,1,srv03,st07,1,1.874963382296409
full-mesh,1,srv03,st07,2,2.7350129960254375
full-mesh,1,srv03,st07,3,1.0785790753524744
full-mesh,1,srv03,st07,4,0.802763070868326
full-mesh,1,srv03,st07,5,0.7729882241938533
full-mesh,1,srv03,st07,6,7.30150018523537
full-mesh,1,srv03,st07,7,9.010877846480783
full-mesh,1,srv03,st07,8,0.8477945227647006
full-mesh,1,srv03,st08,1,4.869143222711806
full-mesh,1,srv03,st08,2,0.7492199460580325
full-mesh,1,srv03,st08,3,1.0634541963690345
full-mesh,1,srv03,st08,4,1.7061963409681538
full-mesh,1,srv03,st08,5,1.657184483565253
full-mesh,1,srv03,st08,6,7.542050173092992
full-mesh,1,srv03,st08,7,5.925069568278095
full-mesh,1,srv03,st08,8,1.065826583476342
full-mesh,2,srv01,st01,1,1.8271504047956821
full-mesh,2,srv01,st01,2,1.8917332593785667
full-mesh,2,srv01,st01,3,2.628009258567909
full-mesh,2,srv01,st01,4,1.195604185555354
full-mesh,2,srv01,st01,5,1.535470256317266
full-mesh,2,srv01,st01,6,1.322851894913121
full-mesh,2,srv01,st01,7,4.95809503898625
full-mesh,2,srv01,st01,8,1.2471804674083475
full-mesh,2,srv01,st02,1,6.00579299749955
full-mesh,2,srv01,st02,2,5.102769675320142
full-mesh,2,srv01,st02,3,2.7288879221397138
full-mesh,2,srv01,st02,4,5.950323693196958
full-mesh,2,srv01,st02,5,2.6083942277980965
full-mesh,2,srv01,st02,6,5.080360880284857
full-mesh,2,srv01,st02,7,4.003087222291
full-mesh,2,srv01,st02,8,1.4365702221032006
full-mesh,2,srv01,st03,1,0.6716672215387662
full-mesh,2,srv01,st03,2,0.6902967311634509
full-mesh,2,srv01,st03,3,2.6832304658749
full-mesh,2,srv01,st03,4,1.4568503715645311
full-mesh,2,srv01,st03,5,1.55044355992757
full-mesh,2,srv01,st03,6,4.830172224570902
full-mesh,2,srv01,st03,7,1.465020442624137
full-mesh,2,srv01,st03,8,1.2772486169558201
full-mesh,2,srv01,st04,1,0.622962774741092
full-mesh,2,srv01,st04,2,3.509081280398816
full-mesh,2,srv01,st04,3,3.536728320020672
full-mesh,2,srv01,st04,4,0.6033241143270204
full-mesh,2,srv01,st04,5,3.438185497853957
full-mesh,2,srv01,st04,6,0.6292453984731129
full-mesh,2,srv01,st04,7,0.8748619081857424
full-mesh,2,srv01,st04,8,2.531442987879232
full-mesh,2,srv01,st05,1,4.328969389219278
full-mesh,2,srv01,st05,2,4.56697906124117
full-mesh,2,srv01,st05,3,0.5990371008057257
full-mesh,2,srv01,st05,4,2.6392566909404
full-mesh,2,srv01,st05,5,0.5925054551631109
full-mesh,2,srv01,st05,6,0.6254389299818603
full-mesh,2,srv01,st05,7,4.81428158294991
full-mesh,2,srv01,st05,8,1.4487539554818931
full-mesh,2,srv01,st06,1,4.727417866874694
full-mesh,2,srv01,st06,2,1.3162947526587878
full-mesh,2,srv01,st06,3,1.4424939697650219
full-mesh,2,srv01,st06,4,2.6011849710416675
full-mesh,2,srv01,st06,5,0.6313674524501257
full-mesh,2,srv01,st06,6,4.573973424984853
full-mesh,2,srv01,st06,7,11.025141089951168
full-mesh,2,srv01,st06,8,2.4738716531785667
full-mesh,2,srv01,st07,1,0.6160749133939256
full-mesh,2,srv01,st07,2,1.1326673377588485
full-mesh,2,srv01,st07,3,1.39631559425666
full-mesh,2,srv01,st07,4,1.406176462844208
full-mesh,2,srv01,st07,5,11.955811648127634
full-mesh,2,srv01,st07,6,1.3593318757836472
full-mesh,2,srv01,st07,7,0.6040644890487026
full-mesh,2,srv01,st07,8,0.6248959562287766
full-mesh,2,srv01,st08,1,1.4136511449481686
full-mesh,2,srv01,st08,2,0.6322526030261353
full-mesh,2,srv01,st08,3,2.3428455922213
full-mesh,2,srv01,st08,4,2.795792769103145
full-mesh,2,srv01,st08,5,2.7580661035389156
full-mesh,2,srv01,st08,6,4.73171465810254
full-mesh,2,srv01,st08,7,6.131030980848481
full-mesh,2,srv01,st08,8,1.8265342195458234
full-mesh,2,srv02,st01,1,0.9137045217514347
full-mesh,2,srv02,st01,2,8.355079505249561
full-mesh,2,srv02,st01,3,0.9591378743150816
full-mesh,2,srv02,st01,4,2.749812267528967
full-mesh,2,srv02,st01,5,4.358220231062093
full-mesh,2,srv02,st01,6,6.831578914898654
full-mesh,2,srv02,st01,7,1.0036056752952525
full-mesh,2,srv02,st01,8,0.912717125109509
full-mesh,2,srv02,st02,1,2.864291616008425
full-mesh,2,srv02,st02,2,7.200727499034404
full-mesh,2,srv02,st02,3,1.6971929424711063
full-mesh,2,srv02,st02,4,6.192180882033863
full-mesh,2,srv02,st02,5,2.867052842234141
full-mesh,2,srv02,st02,6,1.7061494515893316
full-mesh,2,srv02,st02,7,2.878578340309203
full-mesh,2,srv02,st02,8,0.8945149643246004
full-mesh,2,srv02,st03,1,0.8591045511635906
full-mesh,2,srv02,st03,2,0.853818022789151
full-mesh,2,srv02,st03,3,7.5349893798182945
full-mesh,2,srv02,st03,4,2.766759237659432
full-mesh,2,srv02,st03,5,0.9793271968490918
full-mesh,2,srv02,st03,6,1.6347343823916076
full-mesh,2,srv02,st03,7,0.874811220176905
full-mesh,2,srv02,st03,8,2.7539317605459157
full-mesh,2,srv02,st04,1,8.698111488231344
full-mesh,2,srv02,st04,2,0.8887464909315673
full-mesh,2,srv02,st04,3,2.8004602030469323
full-mesh,2,srv02,st04,4,1.69857096528567
full-mesh,2,srv02,st04,5,1.6617226322578615
full-mesh,2,srv02,st04,6,0.8877809370307913
full-mesh,2,srv02,st04,7,1.6907242014585486
full-mesh,2,srv02,st04,8,1.6431368119234653
full-mesh,2,srv02,st05,1,0.978444358911821
full-mesh,2,srv02,st05,2,0.82537537871769
full-mesh,2,srv02,st05,3,3.0871874664773618
full-mesh,2,srv02,st05,4,7.113214031256874
full-mesh,2,srv02,st05,5,0.8432884033729188
full-mesh,2,srv02,st05,6,0.888949140122137
full-mesh,2,srv02,st05,7,2.783504901175987
full-mesh,2,srv02,st05,8,1.6868651627524824
full-mesh,2,srv02,st06,1,1.6774344762049254
full-mesh,2,srv02,st06,2,7.544042451301163
full-mesh,2,srv02,st06,3,2.9380399852878862
full-mesh,2,srv02,st06,4,0.9020153333549941
full-mesh,2,srv02,st06,5,0.8679458588395855
full-mesh,2,srv02,st06,6,6.678796635453438
full-mesh,2,srv02,st06,7,0.9643522482544364
full-mesh,2,srv02,st06,8,6.63476583727874
full-mesh,2,srv02,st07,1,0.9362095193235265
full-mesh,2,srv02,st07,2,2.596276073278837
full-mesh,2,srv02,st07,3,7.604913771579188
full-mesh,2,srv02,st07,4,2.7615478573072965
full-mesh,2,srv02,st07,5,0.958273136468068
full-mesh,2,srv02,st07,6,1.677315496625934
full-mesh,2,srv02,st07,7,1.7118745484305529
full-mesh,2,srv02,st07,8,0.855849893553318
full-mesh,2,srv02,st08,1,1.636022026081869
full-mesh,2,srv02,st08,2,2.696465411619884
full-mesh,2,srv02,st08,3,9.121414797181066
full-mesh,2,srv02,st08,4,1.7013475650819654
full-mesh,2,srv02,st08,5,0.8475805186557454
full-mesh,2,srv02,st08,6,3.0330981550627296
full-mesh,2,srv02,st08,7,0.9287218984249931
full-mesh,2,srv02,st08,8,0.9918804050987086
full-mesh,2,srv03,st01,1,5.324298403107735
full-mesh,2,srv03,st01,2,6.600220760917755
full-mesh,2,srv03,st01,3,0.49497865587599776
full-mesh,2,srv03,st01,4,3.6149218386996598
full-mesh,2,srv03,st01,5,4.051561056199834
full-mesh,2,srv03,st01,6,8.162191176043878
full-mesh,2,srv03,st01,7,0.6702023146418771
full-mesh,2,srv03,st01,8,0.48693093285583244
full-mesh,2,srv03,st02,1,0.6593842132640183
full-mesh,2,srv03,st02,2,2.6928969554021087
full-mesh,2,srv03,st02,3,5.2770572501469575
full-mesh,2,srv03,st02,4,6.418722282412592
full-mesh,2,srv03,st02,5,0.2961422505894547
full-mesh,2,srv03,st02,6,5.596215602003788
full-mesh,2,srv03,st02,7,0.3820987381244482
full-mesh,2,srv03,st02,8,0.488926128422208
full-mesh,2,srv03,st03,1,7.356154513162765
full-mesh,2,srv03,st03,2,4.449968856215524
full-mesh,2,srv03,st03,3,2.840007791287754
full-mesh,2,srv03,st03,4,0.4894112468108728
full-mesh,2,srv03,st03,5,0.4842645163859125
full-mesh,2,srv03,st03,6,5.308428636359144
full-mesh,2,srv03,st03,7,0.9635221116623135
full-mesh,2,srv03,st03,8,4.5599682041860055
full-mesh,2,srv03,st04,1,5.563231643022724
full-mesh,2,srv03,st04,2,3.254984645883944
full-mesh,2,srv03,st04,3,7.041135712544846
full-mesh,2,srv03,st04,4,1.1843592129783767
full-mesh,2,srv03,st04,5,3.1152332122013706
full-mesh,2,srv03,st04,6,7.047514463074014
full-mesh,2,srv03,st04,7,3.7763950735570404
full-mesh,2,srv03,st04,8,1.8790663117059416
full-mesh,2,srv03,st05,1,1.8577101245529395
full-mesh,2,srv03,st05,2,5.416038390934312
full-mesh,2,srv03,st05,3,7.353867349039427
full-mesh,2,srv03,st05,4,0.3798501268782406
full-mesh,2,srv03,st05,5,0.658409216725528
full-mesh,2,srv03,st05,6,0.4809795106841185
full-mesh,2,srv03,st05,7,0.6661248814683103
full-mesh,2,srv03,st05,8,0.48113242589702754
full-mesh,2,srv03,st06,1,0.6703726386635384
full-mesh,2,srv03,st06,2,0.688639601666284
full-mesh,2,srv03,st06,3,6.393786574290308
full-mesh,2,srv03,st06,4,0.8762899391376823
full-mesh,2,srv03,st06,5,0.47659690484441225
full-mesh,2,srv03,st06,6,7.831244956862247
full-mesh,2,srv03,st06,7,0.8706189231181742
full-mesh,2,srv03,st06,8,0.384449448089831
full-mesh,2,srv03,st07,1,8.368048228720223
full-mesh,2,srv03,st07,2,2.7386423860855267
full-mesh,2,srv03,st07,3,1.8533840881243
full-mesh,2,srv03,st07,4,1.8735122336704548
full-mesh,2,srv03,st07,5,4.368205165726226
full-mesh,2,srv03,st07,6,5.980816088471098
full-mesh,2,srv03,st07,7,0.8707050414354524
full-mesh,2,srv03,st07,8,1.0982880892972253
full-mesh,2,srv03,st08,1,5.946846796356178
full-mesh,2,srv03,st08,2,0.6635743993824077
full-mesh,2,srv03,st08,3,4.75903455324051
full-mesh,2,srv03,st08,4,7.617854377129349
full-mesh,2,srv03,st08,5,0.3734282605181203
full-mesh,2,srv03,st08,6,4.029977390278853
full-mesh,2,srv03,st08,7,0.6648326750636742
full-mesh,2,srv03,st08,8,0.6688259527465827
full-mesh,3,srv01,st01,1,0.20868611291930828
full-mesh,3,srv01,st01,2,1.3172412498842199
full-mesh,3,srv01,st01,3,0.2155061489764011
full-mesh,3,srv01,st01,4,1.6025511887928263
full-mesh,3,srv01,st01,5,2.020137496480769
full-mesh,3,srv01,st01,6,0.22420049346942791
full-mesh,3,srv01,st01,7,0.22531022387205543
full-mesh,3,srv01,st01,8,1.0760452789887247
full-mesh,3,srv01,st02,1,1.697817668336084
full-mesh,3,srv01,st02,2,7.008253557412033
full-mesh,3,srv01,st02,3,1.1205044367208834
full-mesh,3,srv01,st02,4,0.20452681523560515
full-mesh,3,srv01,st02,5,1.9837218031320332
full-mesh,3,srv01,st02,6,9.420956079736136
full-mesh,3,srv01,st02,7,11.209841548400568
full-mesh,3,srv01,st02,8,1.4526808356349254
full-mesh,3,srv01,st03,1,1.4374975601975655
full-mesh,3,srv01,st03,2,0.23044507707038375
full-mesh,3,srv01,st03,3,0.20489055520509464
full-mesh,3,srv01,st03,4,0.21810253573520821
full-mesh,3,srv01,st03,5,0.20534930452905695
full-mesh,3,srv01,st03,6,1.1197896236271956
full-mesh,3,srv01,st03,7,0.21181985451751534
full-mesh,3,srv01,st03,8,1.8463131125068437
full-mesh,3,srv01,st04,1,0.22913198748570282
full-mesh,3,srv01,st04,2,0.20631709114381436
full-mesh,3,srv01,st04,3,1.1218794930032174
full-mesh,3,srv01,st04,4,5.809785828788025
full-mesh,3,srv01,st04,5,1.0849046811032936
full-mesh,3,srv01,st04,6,5.0527830244084795
full-mesh,3,srv01,st04,7,0.2139672028815866
full-mesh,3,srv01,st04,8,1.1144871520207442
full-mesh,3,srv01,st05,1,0.204147687210392
full-mesh,3,srv01,st05,2,9.04198706380043
full-mesh,3,srv01,st05,3,1.149030878958392
full-mesh,3,srv01,st05,4,1.0916916192967652
full-mesh,3,srv01,st05,5,1.163798228673136
full-mesh,3,srv01,st05,6,0.22714630522767365
full-mesh,3,srv01,st05,7,0.22570015352483924
full-mesh,3,srv01,st05,8,4.283536296102483
full-mesh,3,srv01,st06,1,8.643349921685957
full-mesh,3,srv01,st06,2,9.23347253718596
full-mesh,3,srv01,st06,3,1.8110433595695679
full-mesh,3,srv01,st06,4,6.7599950243275355
full-mesh,3,srv01,st06,5,1.0725840072556445
full-mesh,3,srv01,st06,6,10.571788666451981
full-mesh,3,srv01,st06,7,0.22727606765610567
full-mesh,3,srv01,st06,8,1.3073791466617726
full-mesh,3,srv01,st07,1,1.5908606454578689
full-mesh,3,srv01,st07,2,1.068315688223612
full-mesh,3,srv01,st07,3,0.21469859821281087
full-mesh,3,srv01,st07,4,1.0657161142235587
full-mesh,3,srv01,st07,5,0.20455807509663632
full-mesh,3,srv01,st07,6,0.21951764043475855
full-mesh,3,srv01,st07,7,1.0072235147063915
full-mesh,3,srv01,st07,8,3.012486838996297
full-mesh,3,srv01,st08,1,4.442369133168241
full-mesh,3,srv01,st08,2,4.816052319167929
full-mesh,3,srv01,st08,3,2.151612123536547
full-mesh,3,srv01,st08,4,3.799396377984912
full-mesh,3,srv01,st08,5,1.3111460787852993
full-mesh,3,srv01,st08,6,4.650614607007704
full-mesh,3,srv01,st08,7,11.0872452271665
full-mesh,3,srv01,st08,8,8.54311502677507
full-mesh,3,srv02,st01,1,1.15744943688522
full-mesh,3,srv02,st01,2,0.935197404761232
full-mesh,3,srv02,st01,3,0.9027181123136261
full-mesh,3,srv02,st01,4,0.9312521799723986
full-mesh,3,srv02,st01,5,10.892359323137276
full-mesh,3,srv02,st01,6,1.128343027645786
full-mesh,3,srv02,st01,7,1.058438712450508
full-mesh,3,srv02,st01,8,0.9350969173081389
full-mesh,3,srv02,st02,1,1.0771950691722967
full-mesh,3,srv02,st02,2,0.8953906578578577
full-mesh,3,srv02,st02,3,6.1313332371006295
full-mesh,3,srv02,st02,4,1.8730503021871872
full-mesh,3,srv02,st02,5,0.9588290903361251
full-mesh,3,srv02,st02,6,1.1363431062859872
full-mesh,3,srv02,st02,7,10.773654616562261
full-mesh,3,srv02,st02,8,11.04265628926797
full-mesh,3,srv02,st03,1,4.86122790319307
full-mesh,3,srv02,st03,2,0.9029696719129467
full-mesh,3,srv02,st03,3,0.9486345725827591
full-mesh,3,srv02,st03,4,4.777867177515687
full-mesh,3,srv02,st03,5,1.10849667701334
full-mesh,3,srv02,st03,6,0.9240457799143985
full-mesh,3,srv02,st03,7,0.9971305922378411
full-mesh,3,srv02,st03,8,0.9560706289298716
full-mesh,3,srv02,st04,1,1.142857199161529
full-mesh,3,srv02,st04,2,2.286627527161256
full-mesh,3,srv02,st04,3,0.9069116978310836
full-mesh,3,srv02,st04,4,6.1138869039382495
full-mesh,3,srv02,st04,5,1.362440655041961
full-mesh,3,srv02,st04,6,0.93586967840323
full-mesh,3,srv02,st04,7,0.9016994360895975
full-mesh,3,srv02,st04,8,1.022485846906972
full-mesh,3,srv02,st05,1,10.614884997686701
full-mesh,3,srv02,st05,2,0.977354616932285
full-mesh,3,srv02,st05,3,1.0904025588958028
full-mesh,3,srv02,st05,4,1.135503772611335
full-mesh,3,srv02,st05,5,0.871917477476997
full-mesh,3,srv02,st05,6,5.337903184886621
full-mesh,3,srv02,st05,7,1.1312527330932478
full-mesh,3,srv02,st05,8,1.038594926207749
full-mesh,3,srv02,st06,1,1.1376211285546847
full-mesh,3,srv02,st06,2,1.0986014718203159
full-mesh,3,srv02,st06,3,1.0872682516244865
full-mesh,3,srv02,st06,4,1.1502082555339384
full-mesh,3,srv02,st06,5,1.091401338095286
full-mesh,3,srv02,st06,6,3.3875405852573355
full-mesh,3,srv02,st06,7,5.11235708556201
full-mesh,3,srv02,st06,8,7.8526895339922875
full-mesh,3,srv02,st07,1,2.9333543019573187
full-mesh,3,srv02,st07,2,1.1000515533487094
full-mesh,3,srv02,st07,3,0.9551314428394388
full-mesh,3,srv02,st07,4,0.9522085741650129
full-mesh,3,srv02,st07,5,1.074160791368669
full-mesh,3,srv02,st07,6,0.9940374899930432
full-mesh,3,srv02,st07,7,1.1007243811153185
full-mesh,3,srv02,st07,8,11.254704620898291
full-mesh,3,srv02,st08,1,2.891125035458893
full-mesh,3,srv02,st08,2,3.220452066555662
full-mesh,3,srv02,st08,3,3.1684084517817928
full-mesh,3,srv02,st08,4,1.1215591220089334
full-mesh,3,srv02,st08,5,1.1353957680791855
full-mesh,3,srv02,st08,6,7.52924132372834
full-mesh,3,srv02,st08,7,1.10979338539157
full-mesh,3,srv02,st08,8,1.1070059587440106
full-mesh,3,srv03,st01,1,0.5440940837021644
full-mesh,3,srv03,st01,2,4.302674727951633
full-mesh,3,srv03,st01,3,0.662530032286473
full-mesh,3,srv03,st01,4,2.74961191832849
full-mesh,3,srv03,st01,5,6.538312727456968
full-mesh,3,srv03,st01,6,4.094140427157437
full-mesh,3,srv03,st01,7,0.5408391485651086
full-mesh,3,srv03,st01,8,6.595852990215392
full-mesh,3,srv03,st02,1,7.92529856546441
full-mesh,3,srv03,st02,2,0.5175899919422383
full-mesh,3,srv03,st02,3,0.6874709020334869
full-mesh,3,srv03,st02,4,1.2729031585102755
full-mesh,3,srv03,st02,5,0.7210818333230474
full-mesh,3,srv03,st02,6,0.9709596434418339
full-mesh,3,srv03,st02,7,0.4635407483463522
full-mesh,3,srv03,st02,8,0.46495194434356113
full-mesh,3,srv03,st03,1,0.4894848760250552
full-mesh,3,srv03,st03,2,0.4608676944481898
full-mesh,3,srv03,st03,3,3.697584525710899
full-mesh,3,srv03,st03,4,9.346109360882913
full-mesh,3,srv03,st03,5,6.129686698845324
full-mesh,3,srv03,st03,6,1.215928753577266
full-mesh,3,srv03,st03,7,0.43104902814863155
full-mesh,3,srv03,st03,8,6.76575708007426
full-mesh,3,srv03,st04,1,6.0429694546362605
full-mesh,3,srv03,st04,2,0.4784449655914088
full-mesh,3,srv03,st04,3,0.7346542806388153
full-mesh,3,srv03,st04,4,0.5002552193466806
full-mesh,3,srv03,st04,5,6.7093181448884724
full-mesh,3,srv03,st04,6,7.495658183124417
full-mesh,3,srv03,st04,7,2.453509369107925
full-mesh,3,srv03,st04,8,1.228836532693864
full-mesh,3,srv03,st05,1,4.543992845918773
full-mesh,3,srv03,st05,2,5.951665289904472
full-mesh,3,srv03,st05,3,0.716901820698406
full-mesh,3,srv03,st05,4,6.459268496327786
full-mesh,3,srv03,st05,5,0.4277154042728056
full-mesh,3,srv03,st05,6,0.9466912083990322
full-mesh,3,srv03,st05,7,2.7294889842218986
full-mesh,3,srv03,st05,8,0.44793092850307076
full-mesh,3,srv03,st06,1,2.602270548750563
full-mesh,3,srv03,st06,2,0.763046027938607
full-mesh,3,srv03,st06,3,0.6751324860678796
full-mesh,3,srv03,st06,4,4.00008363122223
full-mesh,3,srv03,st06,5,4.22506662688037
full-mesh,3,srv03,st06,6,2.7719110916268477
full-mesh,3,srv03,st06,7,12.063536235779674
full-mesh,3,srv03,st06,8,5.583484201596926
full-mesh,3,srv03,st07,1,0.5258950537407673
full-mesh,3,srv03,st07,2,0.687190682964252
full-mesh,3,srv03,st07,3,1.258235231054537
full-mesh,3,srv03,st07,4,1.2397717354941478
full-mesh,3,srv03,st07,5,0.4335644688667247
full-mesh,3,srv03,st07,6,0.45732322155422966
full-mesh,3,srv03,st07,7,0.651482649548478
full-mesh,3,srv03,st07,8,7.60768542886969
full-mesh,3,srv03,st08,1,0.4887379664730936
full-mesh,3,srv03,st08,2,9.297870191611704
full-mesh,3,srv03,st08,3,0.4878466829041123
full-mesh,3,srv03,st08,4,0.7133545329676603
full-mesh,3,srv03,st08,5,1.250331038093309
full-mesh,3,srv03,st08,6,3.3090213209557287
full-mesh,3,srv03,st08,7,6.676587739089632
full-mesh,3,srv03,st08,8,0.7267893220589208
st-to-st,1,st01,st05,1,8.74163570815729
st-to-st,1,st01,st05,2,13.993319253281124
st-to-st,1,st01,st05,3,15.21048370600983
st-to-st,1,st01,st05,4,7.998111053235428
st-to-st,1,st01,st05,5,13.552613342234187
st-to-st,1,st01,st05,6,8.420248508627072
st-to-st,1,st01,st05,7,11.488937025946775
st-to-st,1,st01,st05,8,14.77223320015778
st-to-st,1,st01,st06,1,14.033054627378663
st-to-st,1,st01,st06,2,8.167036468340884
st-to-st,1,st01,st06,3,13.790525534238562
st-to-st,1,st01,st06,4,7.690886729411885
st-to-st,1,st01,st06,5,13.447473853233578
st-to-st,1,st01,st06,6,13.214255157987255
st-to-st,1,st01,st06,7,7.46439633672606
st-to-st,1,st01,st06,8,14.805629784373926
st-to-st,1,st01,st07,1,8.478189112740965
st-to-st,1,st01,st07,2,9.36296127547115
st-to-st,1,st01,st07,3,7.730425345897682
st-to-st,1,st01,st07,4,12.433375394564353
st-to-st,1,st01,st07,5,10.591357607865687
st-to-st,1,st01,st07,6,13.67161078137827
st-to-st,1,st01,st07,7,11.869429805601404
st-to-st,1,st01,st07,8,9.375325628937775
st-to-st,1,st01,st08,1,10.315247441374584
st-to-st,1,st01,st08,2,8.703181737598044
st-to-st,1,st01,st08,3,14.246160001257996
st-to-st,1,st01,st08,4,7.870755457130755
st-to-st,1,st01,st08,5,8.407755342356204
st-to-st,1,st01,st08,6,12.80135899202194
st-to-st,1,st01,st08,7,12.960567159116687
st-to-st,1,st01,st08,8,16.535703641758268
st-to-st,1,st02,st05,1,8.829936531449814
st-to-st,1,st02,st05,2,9.005654639936376
st-to-st,1,st02,st05,3,8.500799855134474
st-to-st,1,st02,st05,4,8.74342095462665
st-to-st,1,st02,st05,5,10.782028883522543
st-to-st,1,st02,st05,6,15.81567396250088
st-to-st,1,st02,st05,7,8.565575127429206
st-to-st,1,st02,st05,8,8.47810273254098
st-to-st,1,st02,st06,1,9.683722290056677
st-to-st,1,st02,st06,2,8.386027342438945
st-to-st,1,st02,st06,3,8.477318007542785
st-to-st,1,st02,st06,4,15.894379808110731
st-to-st,1,st02,st06,5,14.70537733077074
st-to-st,1,st02,st06,6,8.972087635189794
st-to-st,1,st02,st06,7,8.989520023501079
st-to-st,1,st02,st06,8,11.580741874012489
st-to-st,1,st02,st07,1,7.628824431084946
st-to-st,1,st02,st07,2,13.052745549173025
st-to-st,1,st02,st07,3,14.117999390856857
st-to-st,1,st02,st07,4,9.200753229786555
st-to-st,1,st02,st07,5,6.707739428166938
st-to-st,1,st02,st07,6,8.139130041627615
st-to-st,1,st02,st07,7,12.755827121312992
st-to-st,1,st02,st07,8,8.193393238714453
st-to-st,1,st02,st08,1,11.182617250969832
st-to-st,1,st02,st08,2,10.38352183651619
st-to-st,1,st02,st08,3,8.575364209206432
st-to-st,1,st02,st08,4,13.743698393662994
st-to-st,1,st02,st08,5,12.76075423650728
st-to-st,1,st02,st08,6,19.2407233721063
st-to-st,1,st02,st08,7,8.394958261400966
st-to-st,1,st02,st08,8,9.78404735965898
st-to-st,1,st03,st05,1,8.848334804216712
st-to-st,1,st03,st05,2,10.813099358643914
st-to-st,1,st03,st05,3,12.58093482743645
st-to-st,1,st03,st05,4,8.754068887021576
st-to-st,1,st03,st05,5,6.48515082446235
st-to-st,1,st03,st05,6,8.609310236927657
st-to-st,1,st03,st05,7,9.438519136733754
st-to-st,1,st03,st05,8,6.146368485236116
st-to-st,1,st03,st06,1,11.309116757511292
st-to-st,1,st03,st06,2,6.413263200726008
st-to-st,1,st03,st06,3,13.210564602777604
st-to-st,1,st03,st06,4,12.789345911198538
st-to-st,1,st03,st06,5,6.315964784986295
st-to-st,1,st03,st06,6,8.119939453101594
st-to-st,1,st03,st06,7,8.122604564623877
st-to-st,1,st03,st06,8,7.468940088913694
st-to-st,1,st03,st07,1,13.119034788925145
st-to-st,1,st03,st07,2,6.550324986053497
st-to-st,1,st03,st07,3,13.38656270913088
st-to-st,1,st03,st07,4,5.7440319313586725
st-to-st,1,st03,st07,5,16.354142148732123
st-to-st,1,st03,st07,6,5.707830269724836
st-to-st,1,st03,st07,7,6.85515992879017
st-to-st,1,st03,st07,8,12.001248412018633
st-to-st,1,st03,st08,1,8.65681131572789
st-to-st,1,st03,st08,2,8.086694093446459
st-to-st,1,st03,st08,3,7.722497317177155
st-to-st,1,st03,st08,4,8.214972762193002
st-to-st,1,st03,st08,5,8.6695207822782
st-to-st,1,st03,st08,6,8.342530543355906
st-to-st,1,st03,st08,7,9.337460265151403
st-to-st,1,st03,st08,8,12.366048812513446
st-to-st,1,st04,st05,1,12.921512701321788
st-to-st,1,st04,st05,2,9.347279271613239
st-to-st,1,st04,st05,3,12.542541197687768
st-to-st,1,st04,st05,4,13.957834176719242
st-to-st,1,st04,st05,5,15.861796797651316
st-to-st,1,st04,st05,6,11.73391719615924
st-to-st,1,st04,st05,7,13.095357249737718
st-to-st,1,st04,st05,8,8.481682842053958
st-to-st,1,st04,st06,1,9.8683924228246
st-to-st,1,st04,st06,2,8.277802702166019
st-to-st,1,st04,st06,3,7.979315637839783
st-to-st,1,st04,st06,4,12.829015006147392
st-to-st,1,st04,st06,5,7.1215896689508
st-to-st,1,st04,st06,6,13.286844591925085
st-to-st,1,st04,st06,7,12.360088110055019
st-to-st,1,st04,st06,8,7.179951035558476
st-to-st,1,st04,st07,1,10.081291727675685
st-to-st,1,st04,st07,2,7.331076400479967
st-to-st,1,st04,st07,3,11.123176986694054
st-to-st,1,st04,st07,4,10.980654493154244
st-to-st,1,st04,st07,5,9.788094109685144
st-to-st,1,st04,st07,6,10.314738337982515
st-to-st,1,st04,st07,7,12.117710577002557
st-to-st,1,st04,st07,8,11.080893405795912
st-to-st,1,st04,st08,1,10.309173026646315
st-to-st,1,st04,st08,2,9.305208409999755
st-to-st,1,st04,st08,3,12.784547206782273
st-to-st,1,st04,st08,4,9.399055661688552
st-to-st,1,st04,st08,5,9.941910457886536
st-to-st,1,st04,st08,6,12.626518571140574
st-to-st,1,st04,st08,7,10.6126474261949
st-to-st,1,st04,st08,8,10.167960874791868
st-to-st,2,st01,st05,1,12.197873821166937
st-to-st,2,st01,st05,2,10.633188188461292
st-to-st,2,st01,st05,3,11.953361654048749
st-to-st,2,st01,st05,4,11.43979653820417
st-to-st,2,st01,st05,5,8.432207317754058
st-to-st,2,st01,st05,6,12.030356881800447
st-to-st,2,st01,st05,7,13.133053671918555
st-to-st,2,st01,st05,8,8.019684512084453
st-to-st,2,st01,st06,1,5.270911780392955
st-to-st,2,st01,st06,2,10.267580436480923
st-to-st,2,st01,st06,3,6.160635642205363
st-to-st,2,st01,st06,4,13.258910142945338
st-to-st,2,st01,st06,5,12.218512031843362
st-to-st,2,st01,st06,6,12.036245429011508
st-to-st,2,st01,st06,7,5.12364973247478
st-to-st,2,st01,st06,8,12.359290460254313
st-to-st,2,st01,st07,1,11.359870792592199
st-to-st,2,st01,st07,2,13.543476613732187
st-to-st,2,st01,st07,3,12.559873143248092
st-to-st,2,st01,st07,4,9.591149640564149
st-to-st,2,st01,st07,5,16.752453991252537
st-to-st,2,st01,st07,6,9.17210127000251
st-to-st,2,st01,st07,7,15.735165171159633
st-to-st,2,st01,st07,8,9.920095162230506
st-to-st,2,st01,st08,1,8.274322010131698
st-to-st,2,st01,st08,2,11.131020872965463
st-to-st,2,st01,st08,3,16.31928743268192
st-to-st,2,st01,st08,4,10.667772644885924
st-to-st,2,st01,st08,5,8.97186819847929
st-to-st,2,st01,st08,6,12.128907275807746
st-to-st,2,st01,st08,7,9.40145305206715
st-to-st,2,st01,st08,8,11.73193722956322
st-to-st,2,st02,st05,1,7.599750899663057
st-to-st,2,st02,st05,2,12.005714112049523
st-to-st,2,st02,st05,3,12.113410425210756
st-to-st,2,st02,st05,4,12.17256693962062
st-to-st,2,st02,st05,5,16.404922821387416
st-to-st,2,st02,st05,6,9.611360744838505
st-to-st,2,st02,st05,7,7.5120472164825856
st-to-st,2,st02,st05,8,7.5564364473839305
st-to-st,2,st02,st06,1,10.466456393945911
st-to-st,2,st02,st06,2,10.478558666960588
st-to-st,2,st02,st06,3,9.766971228007357
st-to-st,2,st02,st06,4,9.676619240302115
st-to-st,2,st02,st06,5,13.793489210074636
st-to-st,2,st02,st06,6,14.85634840006759
st-to-st,2,st02,st06,7,10.89798762342593
st-to-st,2,st02,st06,8,11.157247147141069
st-to-st,2,st02,st07,1,6.250901410974627
st-to-st,2,st02,st07,2,7.1853013563617605
st-to-st,2,st02,st07,3,14.499017224386353
st-to-st,2,st02,st07,4,6.279955456380106
st-to-st,2,st02,st07,5,13.79660837027524
st-to-st,2,st02,st07,6,14.331945540731386
st-to-st,2,st02,st07,7,8.142555694458073
st-to-st,2,st02,st07,8,10.17459563011729
st-to-st,2,st02,st08,1,11.158802328899492
st-to-st,2,st02,st08,2,16.94288401903036
st-to-st,2,st02,st08,3,7.912911199613236
st-to-st,2,st02,st08,4,13.155031642974967
st-to-st,2,st02,st08,5,10.138956094532137
st-to-st,2,st02,st08,6,10.749135445126093
st-to-st,2,st02,st08,7,9.005593607213815
st-to-st,2,st02,st08,8,13.2520242076548
st-to-st,2,st03,st05,1,13.27210175082785
st-to-st,2,st03,st05,2,5.872513342683386
st-to-st,2,st03,st05,3,13.78388798916373
st-to-st,2,st03,st05,4,13.196343057189946
st-to-st,2,st03,st05,5,10.799921690686748
st-to-st,2,st03,st05,6,12.538937599768055
st-to-st,2,st03,st05,7,14.407691363957644
st-to-st,2,st03,st05,8,11.6404062887201
st-to-st,2,st03,st06,1,11.969133611038
st-to-st,2,st03,st06,2,11.148379763665702
st-to-st,2,st03,st06,3,11.582705553853344
st-to-st,2,st03,st06,4,13.429103523787962
st-to-st,2,st03,st06,5,10.77050190838626
st-to-st,2,st03,st06,6,7.017317163849754
st-to-st,2,st03,st06,7,13.984233137521407
st-to-st,2,st03,st06,8,6.988708721297206
st-to-st,2,st03,st07,1,11.934979172027912
st-to-st,2,st03,st07,2,5.88015258454644
st-to-st,2,st03,st07,3,10.781029755939874
st-to-st,2,st03,st07,4,8.617942575271593
st-to-st,2,st03,st07,5,5.891249932406746
st-to-st,2,st03,st07,6,7.433781284989065
st-to-st,2,st03,st07,7,12.729182279920094
st-to-st,2,st03,st07,8,6.88996754948824
st-to-st,2,st03,st08,1,16.05097394096895
st-to-st,2,st03,st08,2,10.812812128712642
st-to-st,2,st03,st08,3,13.384174642240819
st-to-st,2,st03,st08,4,9.06473388055365
st-to-st,2,st03,st08,5,9.506629264433867
st-to-st,2,st03,st08,6,11.313829036916506
st-to-st,2,st03,st08,7,9.553028214206051
st-to-st,2,st03,st08,8,8.66434414854121
st-to-st,2,st04,st05,1,11.05413656903856
st-to-st,2,st04,st05,2,10.845454854699494
st-to-st,2,st04,st05,3,12.414906145839733
st-to-st,2,st04,st05,4,13.259441445719471
st-to-st,2,st04,st05,5,12.347452896788546
st-to-st,2,st04,st05,6,11.164978523078886
st-to-st,2,st04,st05,7,12.466464912084506
st-to-st,2,st04,st05,8,12.226693274806891
st-to-st,2,st04,st06,1,14.75104361348092
st-to-st,2,st04,st06,2,10.548249878386283
st-to-st,2,st04,st06,3,10.7951615527406
st-to-st,2,st04,st06,4,11.296010310593205
st-to-st,2,st04,st06,5,13.161981698213733
st-to-st,2,st04,st06,6,10.031170153512655
st-to-st,2,st04,st06,7,11.341841493379361
st-to-st,2,st04,st06,8,8.744843079659724
st-to-st,2,st04,st07,1,7.884590955633496
st-to-st,2,st04,st07,2,9.687180882121753
st-to-st,2,st04,st07,3,10.340471292120274
st-to-st,2,st04,st07,4,11.617919310323188
st-to-st,2,st04,st07,5,8.281833397853868
st-to-st,2,st04,st07,6,7.317318332336046
st-to-st,2,st04,st07,7,13.284042070638757
st-to-st,2,st04,st07,8,13.44110929086953
st-to-st,2,st04,st08,1,11.385308984743023
st-to-st,2,st04,st08,2,10.700552938057486
st-to-st,2,st04,st08,3,10.821836852151728
st-to-st,2,st04,st08,4,9.662911381955814
st-to-st,2,st04,st08,5,11.246374241652356
st-to-st,2,st04,st08,6,12.202140417706259
st-to-st,2,st04,st08,7,12.410140582771051
st-to-st,2,st04,st08,8,10.350813120937744
st-to-st,3,st01,st05,1,11.89028404112318
st-to-st,3,st01,st05,2,11.67467297464167
st-to-st,3,st01,st05,3,8.6961819441971
st-to-st,3,st01,st05,4,11.87652163262436
st-to-st,3,st01,st05,5,12.625886959894382
st-to-st,3,st01,st05,6,8.953517138032169
st-to-st,3,st01,st05,7,16.102105323990557
st-to-st,3,st01,st05,8,11.888449053323338
st-to-st,3,st01,st06,1,8.753725717031415
st-to-st,3,st01,st06,2,10.748079919487116
st-to-st,3,st01,st06,3,8.695128122067986
st-to-st,3,st01,st06,4,8.89366614103071
st-to-st,3,st01,st06,5,8.70871584353654
st-to-st,3,st01,st06,6,15.067079182141233
st-to-st,3,st01,st06,7,15.445573683280267
st-to-st,3,st01,st06,8,15.464181434320325
st-to-st,3,st01,st07,1,10.014873346419845
st-to-st,3,st01,st07,2,11.217187674850235
st-to-st,3,st01,st07,3,8.608437772943239
st-to-st,3,st01,st07,4,8.442283428998302
st-to-st,3,st01,st07,5,15.998207925071501
st-to-st,3,st01,st07,6,13.66974462918869
st-to-st,3,st01,st07,7,8.668817815891414
st-to-st,3,st01,st07,8,15.516404017966163
st-to-st,3,st01,st08,1,12.688406435307368
st-to-st,3,st01,st08,2,8.886710106878876
st-to-st,3,st01,st08,3,12.72691950282496
st-to-st,3,st01,st08,4,13.010767145534329
st-to-st,3,st01,st08,5,9.506357619847435
st-to-st,3,st01,st08,6,11.68188937014959
st-to-st,3,st01,st08,7,9.46874894313825
st-to-st,3,st01,st08,8,8.365134383651375
st-to-st,3,st02,st05,1,9.711260225767077
st-to-st,3,st02,st05,2,14.063219884777313
st-to-st,3,st02,st05,3,15.08433634240215
st-to-st,3,st02,st05,4,9.877807628671695
st-to-st,3,st02,st05,5,11.195113700281652
st-to-st,3,st02,st05,6,11.320854368056965
st-to-st,3,st02,st05,7,8.721325531377559
st-to-st,3,st02,st05,8,17.137605426060453
st-to-st,3,st02,st06,1,12.610677565545961
st-to-st,3,st02,st06,2,9.156763271513435
st-to-st,3,st02,st06,3,12.160463338868523
st-to-st,3,st02,st06,4,10.420895020587647
st-to-st,3,st02,st06,5,11.537266571439389
st-to-st,3,st02,st06,6,13.411889982785107
st-to-st,3,st02,st06,7,10.31927165539975
st-to-st,3,st02,st06,8,11.402438667325093
st-to-st,3,st02,st07,1,11.175345185484764
st-to-st,3,st02,st07,2,13.173743405802895
st-to-st,3,st02,st07,3,11.074158253297252
st-to-st,3,st02,st07,4,9.59264787349328
st-to-st,3,st02,st07,5,11.351723270649265
st-to-st,3,st02,st07,6,13.417710516914754
st-to-st,3,st02,st07,7,10.363053543330091
st-to-st,3,st02,st07,8,11.600627395291863
st-to-st,3,st02,st08,1,12.611377734849405
st-to-st,3,st02,st08,2,10.965425934886467
st-to-st,3,st02,st08,3,11.53721192102665
st-to-st,3,st02,st08,4,12.292736796373358
st-to-st,3,st02,st08,5,11.623674710644938
st-to-st,3,st02,st08,6,10.948225126259523
st-to-st,3,st02,st08,7,10.555057544766358
st-to-st,3,st02,st08,8,6.956335558598242
st-to-st,3,st03,st05,1,9.10977717882526
st-to-st,3,st03,st05,2,9.333007757887659
st-to-st,3,st03,st05,3,8.825930851261834
st-to-st,3,st03,st05,4,7.352226303518867
st-to-st,3,st03,st05,5,9.937505016256026
st-to-st,3,st03,st05,6,9.149945925525456
st-to-st,3,st03,st05,7,9.096906053332683
st-to-st,3,st03,st05,8,7.70741431749381
st-to-st,3,st03,st06,1,7.888563273666977
st-to-st,3,st03,st06,2,11.26607437782854
st-to-st,3,st03,st06,3,11.576248262557858
st-to-st,3,st03,st06,4,10.341485846657495
st-to-st,3,st03,st06,5,17.949833574716617
st-to-st,3,st03,st06,6,9.467612847136142
st-to-st,3,st03,st06,7,11.8979913002686
st-to-st,3,st03,st06,8,8.007094663540858
st-to-st,3,st03,st07,1,8.60610512795028
st-to-st,3,st03,st07,2,10.33025078173706
st-to-st,3,st03,st07,3,14.24845303298946
st-to-st,3,st03,st07,4,11.84417622292516
st-to-st,3,st03,st07,5,13.269091430692507
st-to-st,3,st03,st07,6,9.238399782695195
st-to-st,3,st03,st07,7,11.453628696027744
st-to-st,3,st03,st07,8,14.1627719998763
st-to-st,3,st03,st08,1,5.739942324336553
st-to-st,3,st03,st08,2,10.814385482353332
st-to-st,3,st03,st08,3,6.763256190589737
st-to-st,3,st03,st08,4,14.535757975511663
st-to-st,3,st03,st08,5,11.665306220203227
st-to-st,3,st03,st08,6,7.123002001140873
st-to-st,3,st03,st08,7,6.647642957181866
st-to-st,3,st03,st08,8,6.638904900088081
st-to-st,3,st04,st05,1,9.98709698866985
st-to-st,3,st04,st05,2,7.1148569381201145
st-to-st,3,st04,st05,3,9.939793350242969
st-to-st,3,st04,st05,4,9.194268435318566
st-to-st,3,st04,st05,5,12.656058533161806
st-to-st,3,st04,st05,6,15.673901341097181
st-to-st,3,st04,st05,7,10.294210192321914
st-to-st,3,st04,st05,8,14.03607348105062
st-to-st,3,st04,st06,1,8.86264252346392
st-to-st,3,st04,st06,2,10.76141289757141
st-to-st,3,st04,st06,3,8.552787476162667
st-to-st,3,st04,st06,4,11.210097825768933
st-to-st,3,st04,st06,5,11.75810361506965
st-to-st,3,st04,st06,6,9.04521937054267
st-to-st,3,st04,st06,7,12.506791457467314
st-to-st,3,st04,st06,8,8.69744562559858
st-to-st,3,st04,st07,1,10.56337152355945
st-to-st,3,st04,st07,2,13.89093906530027
st-to-st,3,st04,st07,3,10.741671207103705
st-to-st,3,st04,st07,4,9.185291041245996
st-to-st,3,st04,st07,5,10.741409065937013
st-to-st,3,st04,st07,6,8.99948101327605
st-to-st,3,st04,st07,7,10.631702987676876
st-to-st,3,st04,st07,8,8.77491341381085
st-to-st,3,st04,st08,1,10.998119113388599
st-to-st,3,st04,st08,2,7.336940672969967
st-to-st,3,st04,st08,3,9.568234655147855
st-to-st,3,st04,st08,4,13.626059037016395
st-to-st,3,st04,st08,5,14.768601721445343
st-to-st,3,st04,st08,6,15.053986173844482
st-to-st,3,st04,st08,7,9.21967415893837
st-to-st,3,st04,st08,8,6.356313907186337
rds02-fanout,1,rds02,st01,1,5.443779716393713
rds02-fanout,1,rds02,st01,2,5.12815047789956
rds02-fanout,1,rds02,st01,3,5.249040543776298
rds02-fanout,1,rds02,st01,4,4.0672713381745975
rds02-fanout,1,rds02,st01,5,5.02390627942399
rds02-fanout,1,rds02,st01,6,4.34365390295098
rds02-fanout,1,rds02,st01,7,5.4307033171465475
rds02-fanout,1,rds02,st01,8,6.01483782411149
rds02-fanout,1,rds02,st02,1,5.789604504369402
rds02-fanout,1,rds02,st02,2,4.91567638323006
rds02-fanout,1,rds02,st02,3,5.522528435553484
rds02-fanout,1,rds02,st02,4,5.271792371602142
rds02-fanout,1,rds02,st02,5,6.070705015863205
rds02-fanout,1,rds02,st02,6,6.1721091636992504
rds02-fanout,1,rds02,st02,7,4.896365468390107
rds02-fanout,1,rds02,st02,8,7.1929662590620405
rds02-fanout,1,rds02,st03,1,8.385571449200814
rds02-fanout,1,rds02,st03,2,3.9682634842602744
rds02-fanout,1,rds02,st03,3,5.391985267868738
rds02-fanout,1,rds02,st03,4,6.0093231265973
rds02-fanout,1,rds02,st03,5,6.098450460766178
rds02-fanout,1,rds02,st03,6,4.715316566100307
rds02-fanout,1,rds02,st03,7,4.298340449772962
rds02-fanout,1,rds02,st03,8,4.740307171563345
rds02-fanout,1,rds02,st04,1,5.141882129828568
rds02-fanout,1,rds02,st04,2,5.43026896962577
rds02-fanout,1,rds02,st04,3,6.28716340155985
rds02-fanout,1,rds02,st04,4,6.475465922394586
rds02-fanout,1,rds02,st04,5,5.936772167895208
rds02-fanout,1,rds02,st04,6,6.037564259673802
rds02-fanout,1,rds02,st04,7,6.166798333137644
rds02-fanout,1,rds02,st04,8,6.05067116367622
rds02-fanout,1,rds02,st05,1,5.93194055712927
rds02-fanout,1,rds02,st05,2,7.751621233874699
rds02-fanout,1,rds02,st05,3,5.01947883002655
rds02-fanout,1,rds02,st05,4,8.220806126733505
rds02-fanout,1,rds02,st05,5,4.137075693694558
rds02-fanout,1,rds02,st05,6,7.750397919134031
rds02-fanout,1,rds02,st05,7,5.590067776924396
rds02-fanout,1,rds02,st05,8,5.305996618216142
rds02-fanout,1,rds02,st06,1,5.24231334135598
rds02-fanout,1,rds02,st06,2,5.346557560680045
rds02-fanout,1,rds02,st06,3,5.657280480978771
rds02-fanout,1,rds02,st06,4,5.8329140776605595
rds02-fanout,1,rds02,st06,5,5.785772622232785
rds02-fanout,1,rds02,st06,6,5.896133434476117
rds02-fanout,1,rds02,st06,7,5.972328706270406
rds02-fanout,1,rds02,st06,8,6.23307032442884
rds02-fanout,1,rds02,st07,1,5.803384217760062
rds02-fanout,1,rds02,st07,2,9.15720212240682
rds02-fanout,1,rds02,st07,3,5.0589942763894795
rds02-fanout,1,rds02,st07,4,6.386951329327552
rds02-fanout,1,rds02,st07,5,4.281618397365722
rds02-fanout,1,rds02,st07,6,5.64675562638704
rds02-fanout,1,rds02,st07,7,5.580477921195166
rds02-fanout,1,rds02,st07,8,8.65485469043834
rds02-fanout,1,rds02,st08,1,5.081609342330563
rds02-fanout,1,rds02,st08,2,8.978219069903865
rds02-fanout,1,rds02,st08,3,4.341852918739148
rds02-fanout,1,rds02,st08,4,8.24431708528961
rds02-fanout,1,rds02,st08,5,5.343180433048837
rds02-fanout,1,rds02,st08,6,6.46622785027169
rds02-fanout,1,rds02,st08,7,5.068327630024173
rds02-fanout,1,rds02,st08,8,5.946318717225513
rds02-fanout,2,rds02,st01,1,5.3019132805616325
rds02-fanout,2,rds02,st01,2,5.137595168539742
rds02-fanout,2,rds02,st01,3,5.19644560642687
rds02-fanout,2,rds02,st01,4,7.476670702022299
rds02-fanout,2,rds02,st01,5,5.295752989736029
rds02-fanout,2,rds02,st01,6,5.298418080093206
rds02-fanout,2,rds02,st01,7,6.093488806648466
rds02-fanout,2,rds02,st01,8,6.470446177168237
rds02-fanout,2,rds02,st02,1,6.751590187840446
rds02-fanout,2,rds02,st02,2,7.347514051290669
rds02-fanout,2,rds02,st02,3,7.2875721494832115
rds02-fanout,2,rds02,st02,4,7.24222251823238
rds02-fanout,2,rds02,st02,5,6.714847374852056
rds02-fanout,2,rds02,st02,6,6.173928507302406
rds02-fanout,2,rds02,st02,7,6.018831020847252
rds02-fanout,2,rds02,st02,8,6.79156601885635
rds02-fanout,2,rds02,st03,1,6.555809783637075
rds02-fanout,2,rds02,st03,2,5.353243595059636
rds02-fanout,2,rds02,st03,3,4.205547629052021
rds02-fanout,2,rds02,st03,4,6.206726991748475
rds02-fanout,2,rds02,st03,5,6.177660060403858
rds02-fanout,2,rds02,st03,6,5.4760560766614965
rds02-fanout,2,rds02,st03,7,5.433370984336695
rds02-fanout,2,rds02,st03,8,5.142876430736281
rds02-fanout,2,rds02,st04,1,6.789705062098707
rds02-fanout,2,rds02,st04,2,5.375674687886485
rds02-fanout,2,rds02,st04,3,6.921736571163108
rds02-fanout,2,rds02,st04,4,4.719580322691214
rds02-fanout,2,rds02,st04,5,6.568239900137275
rds02-fanout,2,rds02,st04,6,6.735354566640033
rds02-fanout,2,rds02,st04,7,6.292773763588285
rds02-fanout,2,rds02,st04,8,6.630148784433852
rds02-fanout,2,rds02,st05,1,6.95255172410345
rds02-fanout,2,rds02,st05,2,6.228221092665293
rds02-fanout,2,rds02,st05,3,5.224364109822266
rds02-fanout,2,rds02,st05,4,4.94025034564817
rds02-fanout,2,rds02,st05,5,6.5457574355866095
rds02-fanout,2,rds02,st05,6,4.425586322586376
rds02-fanout,2,rds02,st05,7,4.149030867070149
rds02-fanout,2,rds02,st05,8,7.405962864284715
rds02-fanout,2,rds02,st06,1,4.86278345132901
rds02-fanout,2,rds02,st06,2,7.556140366964664
rds02-fanout,2,rds02,st06,3,7.200634904857386
rds02-fanout,2,rds02,st06,4,5.168657082914736
rds02-fanout,2,rds02,st06,5,7.143313635804327
rds02-fanout,2,rds02,st06,6,5.040033747478602
rds02-fanout,2,rds02,st06,7,5.89229441471796
rds02-fanout,2,rds02,st06,8,6.00645636291586
rds02-fanout,2,rds02,st07,1,6.676781333491286
rds02-fanout,2,rds02,st07,2,6.70801962806567
rds02-fanout,2,rds02,st07,3,5.4410118760977095
rds02-fanout,2,rds02,st07,4,6.821569736595487
rds02-fanout,2,rds02,st07,5,6.720296496283013
rds02-fanout,2,rds02,st07,6,6.0832974265005015
rds02-fanout,2,rds02,st07,7,4.978073457482108
rds02-fanout,2,rds02,st07,8,6.164822821851268
rds02-fanout,2,rds02,st08,1,5.56643905670185
rds02-fanout,2,rds02,st08,2,4.479740900719926
rds02-fanout,2,rds02,st08,3,4.560562792681127
rds02-fanout,2,rds02,st08,4,6.49336335523088
rds02-fanout,2,rds02,st08,5,6.913524473562506
rds02-fanout,2,rds02,st08,6,5.843651286819059
rds02-fanout,2,rds02,st08,7,4.837342493077585
rds02-fanout,2,rds02,st08,8,6.35023533854625
rds02-fanout,3,rds02,st01,1,5.687333763303644
rds02-fanout,3,rds02,st01,2,6.691852126168076
rds02-fanout,3,rds02,st01,3,6.558292077660918
rds02-fanout,3,rds02,st01,4,6.5828894958190896
rds02-fanout,3,rds02,st01,5,4.721044069867987
rds02-fanout,3,rds02,st01,6,3.3580063226235297
rds02-fanout,3,rds02,st01,7,5.697950410927864
rds02-fanout,3,rds02,st01,8,4.91214372710394
rds02-fanout,3,rds02,st02,1,5.676902355916971
rds02-fanout,3,rds02,st02,2,5.369327203453427
rds02-fanout,3,rds02,st02,3,6.164347807058412
rds02-fanout,3,rds02,st02,4,4.299586065943503
rds02-fanout,3,rds02,st02,5,6.130444636843681
rds02-fanout,3,rds02,st02,6,5.952103475997632
rds02-fanout,3,rds02,st02,7,6.936562412142665
rds02-fanout,3,rds02,st02,8,6.108599810674396
rds02-fanout,3,rds02,st03,1,7.426726468394508
rds02-fanout,3,rds02,st03,2,4.339094626666905
rds02-fanout,3,rds02,st03,3,5.52060936249687
rds02-fanout,3,rds02,st03,4,5.6344660870308685
rds02-fanout,3,rds02,st03,5,6.334427170591564
rds02-fanout,3,rds02,st03,6,8.960602863229344
rds02-fanout,3,rds02,st03,7,5.038444047087356
rds02-fanout,3,rds02,st03,8,5.350654389957635
rds02-fanout,3,rds02,st04,1,4.194315848818848
rds02-fanout,3,rds02,st04,2,5.801639582552835
rds02-fanout,3,rds02,st04,3,6.181876567920388
rds02-fanout,3,rds02,st04,4,5.5414199473869
rds02-fanout,3,rds02,st04,5,5.9461235203456075
rds02-fanout,3,rds02,st04,6,8.072401053022006
rds02-fanout,3,rds02,st04,7,4.537416049449824
rds02-fanout,3,rds02,st04,8,7.18304059408349
rds02-fanout,3,rds02,st05,1,5.901337104285174
rds02-fanout,3,rds02,st05,2,6.389172233705484
rds02-fanout,3,rds02,st05,3,6.926157866492965
rds02-fanout,3,rds02,st05,4,9.5094209447989
rds02-fanout,3,rds02,st05,5,3.81954022833338
rds02-fanout,3,rds02,st05,6,5.893997295782344
rds02-fanout,3,rds02,st05,7,5.042885334808222
rds02-fanout,3,rds02,st05,8,5.82824484461115
rds02-fanout,3,rds02,st06,1,3.9861820110391806
rds02-fanout,3,rds02,st06,2,7.595582048961876
rds02-fanout,3,rds02,st06,3,7.00554951800894
rds02-fanout,3,rds02,st06,4,3.545569047347187
rds02-fanout,3,rds02,st06,5,6.460168097506494
rds02-fanout,3,rds02,st06,6,4.914112475675201
rds02-fanout,3,rds02,st06,7,4.546199558744087
rds02-fanout,3,rds02,st06,8,6.492018057896326
rds02-fanout,3,rds02,st07,1,5.246051485516428
rds02-fanout,3,rds02,st07,2,5.662196731400617
rds02-fanout,3,rds02,st07,3,4.323060990550615
rds02-fanout,3,rds02,st07,4,4.1942198010374945
rds02-fanout,3,rds02,st07,5,7.078488640673872
rds02-fanout,3,rds02,st07,6,8.198476396919665
rds02-fanout,3,rds02,st07,7,3.7872494109680748
rds02-fanout,3,rds02,st07,8,8.36091503463068
rds02-fanout,3,rds02,st08,1,3.6628331909718246
rds02-fanout,3,rds02,st08,2,5.50248533945341
rds02-fanout,3,rds02,st08,3,7.151081396422657
rds02-fanout,3,rds02,st08,4,9.044122647083084
rds02-fanout,3,rds02,st08,5,5.983598918171418
rds02-fanout,3,rds02,st08,6,5.603889681644156
rds02-fanout,3,rds02,st08,7,5.163626193382134
rds02-fanout,3,rds02,st08,8,5.79699920016337
