epoch,rep,client,server,sent_gbps,recv_gbps,retransmits,duration_s,n_intervals,n_streams,mean_gbps,std_gbps,cv_pct,min_gbps,max_gbps,p10_gbps,p90_gbps,stream_cv_pct,host_cpu_total,host_cpu_user,host_cpu_system,remote_cpu_total,tcp_cc,mode
1775004207,1,srv01,st01,102.16058699695255,102.16109904898673,0,120.001577,120,8,102.15191639104589,5.124676091851212,5.016720461937819,78.58296168127279,116.04357359897658,96.92066150145624,108.14406988174292,16.88100100045396,209.48176654987432,4.278556250035936,205.20321029983836,233.52446570112716,bbr,per-pair
1775004392,2,srv01,st01,103.62219921747219,103.62273535501569,1,120.001613,120,8,103.6139151696191,6.989062559139457,6.745293378498583,77.58526689697459,113.60231466283538,97.99348880374934,109.88092803880959,14.06167285538038,227.59828964049348,4.407311939551174,223.19097853424287,243.6402443923232,bbr,per-pair
1775004578,3,srv01,st01,92.04369376816541,92.0441649544137,0,120.00158,120,8,92.03965031396837,4.283586495366867,4.654066460220753,60.44613925875416,100.9381690304436,88.40401750614718,96.59672169116266,18.262482371983726,189.1497255481003,3.6214254632795284,185.52830091812064,219.36306794471307,bbr,per-pair
1775004764,1,srv01,st02,93.76087523273547,93.76108966897377,0,120.001581,120,8,93.75596492575343,4.513884311212971,4.814503604957375,79.88812877604944,102.56882019085629,88.69490637505265,99.00555702743377,20.971731266497194,200.79351607732914,4.098275495533295,196.69524141509268,217.5482955084985,bbr,per-pair
1775004949,2,srv01,st02,96.48725474939481,96.48747181563158,1,120.000815,120,8,96.48206664749175,4.868192897546733,5.045697160834283,82.79978157634399,105.61852980226551,90.24597513003008,102.34630398552869,11.397513206745046,206.7491108930112,4.266594418034888,202.4825164749763,226.77678581160671,bbr,per-pair
1775005134,3,srv01,st02,114.15158896693845,114.15188368126827,0,120.000527,120,8,114.13940560711846,5.097982018862087,4.466452222828243,93.01909424534934,124.37318689502119,108.84871097502604,119.8330629432527,6.511992370111794,249.75316681026777,4.931168964801056,244.82199867877426,269.2412069692613,bbr,per-pair
1775005320,1,srv01,st03,108.66625888655918,108.66611400029554,0,120.001564,120,8,108.6573144993986,10.029939426686404,9.230800036698788,77.35741528093708,121.54998279610679,98.18917415454416,117.58762842712537,6.20676898920338,243.5134444511247,4.579214289127831,238.93422849540084,260.5366924382956,bbr,per-pair
1775005505,2,srv01,st03,103.83079440271834,103.83064635912906,0,120.000536,120,8,103.82299663634015,6.952995465661001,6.696970508388612,69.02855803431963,112.55557410849877,99.07920164732467,109.96041624055728,15.702893748016844,232.5830369667546,4.17769816763386,228.4053379658131,248.36581945101085,bbr,per-pair
1775005690,3,srv01,st03,104.56341996305862,104.56324656371416,0,120.00095,120,8,104.55690934877113,4.719870268419946,4.5141639111346015,89.76378716258164,114.88834531923797,100.07674403481712,110.17446046444397,15.161704257754183,225.8027804815925,4.53235353970885,221.270427775187,246.1880862094717,bbr,per-pair
1775005876,1,srv01,st04,94.79630495210165,94.79616354989473,0,120.001757,120,8,94.79022807576453,6.12007628658367,6.4564421996030825,76.91006897017728,109.33617888404976,88.37350730036496,103.03085819562791,11.499367395168399,247.410151184669,4.935688655800902,242.47446336216373,227.94277372420436,bbr,per-pair
1775006061,2,srv01,st04,90.87806007089205,90.87790697913873,0,120.001614,120,8,90.8712719563984,8.967077078710679,9.867889912461262,56.65539813767432,104.76638748423483,84.67009864825391,98.55895357698247,15.990435871724252,200.21510626847805,3.9305929506811434,196.2845116511979,218.0187993052603,bbr,per-pair
1775006247,3,srv01,st04,108.21119476461037,108.21106040315168,0,120.000543,120,8,108.20445468953613,6.6242298572127085,6.121956694129804,66.91647587754102,117.90691852326286,103.83236942367465,114.39704442373232,14.73671095717424,222.4923116062819,4.65215161486163,217.8401591581143,254.84885641955896,bbr,per-pair
1775006432,1,srv01,st05,104.45441252558403,104.45424104748716,0,120.000664,120,8,104.44694431745562,11.88981363595369,11.383591653783416,57.345202190826754,118.50679674442829,88.50692516857643,112.6219382784,7.608300249870317,222.4074912393673,4.25985179265638,218.14763861340657,246.7279047818181,bbr,per-pair
1775006618,2,srv01,st05,103.12849615358743,103.12840484117352,0,120.000648,120,8,103.12336180392137,4.275960275314866,4.146451590130636,92.24608676758554,112.90966273884814,97.08080874008922,107.82141689065975,8.539049762783577,220.20778765598678,4.172848417416255,216.03493757195608,240.60877340749087,bbr,per-pair
1775006804,3,srv01,st05,96.2397213903168,96.23964680538917,0,120.001285,120,8,96.23537432079517,4.081958997122897,4.241640899650806,80.94515526082183,103.6619144234207,92.12716678936759,100.6247576971867,16.746086622472642,195.71433418868506,3.8456562363354,191.86867628574458,224.8831082182814,bbr,per-pair
1775006989,1,srv01,st06,101.8181740656107,101.81806410681722,0,120.002417,120,8,101.81487160561603,6.565499065611591,6.44846765710545,74.06934771482955,114.27247282364806,95.6894409694605,108.32919578820368,10.32679798037221,211.72391953939314,4.524132555664616,207.19978781702116,248.09545305499353,bbr,per-pair
1775007174,2,srv01,st06,107.23069597390474,107.2306119772472,0,120.000936,120,8,107.22597376497578,3.2520303162395,3.0328755263789837,98.8172340968747,115.51034801860334,102.75059866867268,111.06284086884206,9.581985651638048,231.38742602058363,4.360219788052842,227.0272053992263,259.86465349167383,bbr,per-pair
1775007359,3,srv01,st06,112.50919238048046,112.509117375391,0,120.001582,120,8,112.50376187683429,4.9942351746123155,4.439171714168858,97.24062230926945,121.32479908007758,105.18506947245928,117.60386291337811,10.197063553349642,234.67514174550695,4.485251605889101,230.18989013961786,266.2884794329239,bbr,per-pair
1775007545,1,srv01,st07,98.26721405735313,98.2671673810912,0,120.001652,120,8,98.25921997127942,7.670174115624065,7.806060457090959,63.23639914059866,107.80158635307944,92.00789586321504,104.95599609580621,17.920097298178195,217.530496604048,4.19220409188834,213.33829251215968,231.9019009653954,bbr,per-pair
1775007730,2,srv01,st07,102.20277919384816,102.20279971152677,0,120.001489,120,8,102.19822373462539,5.168797101330251,5.057619313180911,84.62834003133796,109.59779886114379,97.13965294199464,107.62175193610058,16.416273652750576,212.75821673696132,4.4690805056466845,208.28913706461555,235.44301621333986,bbr,per-pair
1775007916,3,srv01,st07,95.35610067903559,95.35615074056838,0,120.00107,120,8,95.35140452143543,7.7250927895583485,8.101708441873777,51.58226534466884,106.23819728444722,91.56027278241822,100.55622729759381,8.294409318340598,204.88558418752265,3.812802955768592,201.0727787318483,223.68590790242285,bbr,per-pair
1775008101,1,srv01,st08,106.85490616876316,106.85487152432366,0,120.000603,120,8,106.85053892261654,4.398938318913603,4.116907938198992,91.7679682349345,116.1926490957877,102.43160592285602,111.20517829005361,13.881669875005828,213.0767111933045,4.21339270681329,208.86331848649124,249.62658491132558,bbr,per-pair
1775008287,2,srv01,st08,101.4975803935437,101.49741772561427,0,120.001614,120,8,101.49239124273855,5.316446596231237,5.238271097107106,78.25599107725475,113.28916921699941,95.55803277504441,107.702314962695,12.40448700990844,219.589139475507,4.3638966744100225,215.22524113449717,241.266873138647,bbr,per-pair
1775008472,3,srv01,st08,108.60745475746371,108.60730904468767,0,120.001672,120,8,108.59702207987705,6.093051911865957,5.610698889500208,86.76393714914501,118.7209969684023,102.47221330917944,114.05090374961445,4.721094037258721,246.14587283169018,4.36028861199374,241.78558421969646,257.54787272508275,bbr,per-pair
1775008658,1,srv02,st01,110.58714517424487,110.58778961229383,1,120.001499,120,8,110.57985771030138,3.7538984238051025,3.394739784925042,95.8268776924362,120.20705545224963,105.60030903090082,115.14577729365237,6.021737343729962,244.67896410281708,5.016140999505354,239.66282393661064,261.2444802442118,bbr,per-pair
1775008843,2,srv02,st01,106.82099859920265,106.82164923414513,0,120.000941,120,8,106.81502930426899,2.721367253695973,2.5477381520385074,100.30426035619674,113.26914805501852,103.13861763576787,110.22387341071209,7.870995604132338,229.08874819934636,4.27827530469544,224.8104728946509,250.39339349134116,bbr,per-pair
1775009029,3,srv02,st01,110.61246343128991,110.6130980880071,0,120.000883,120,8,110.60339488179967,3.1882261064331856,2.8825752680018537,102.65223397370366,120.22862165804746,106.46078263574331,114.57299178138082,7.785208657278854,248.45454666662224,4.88172350347154,243.57282482975626,258.797259500846,bbr,per-pair
1775009214,1,srv02,st02,108.14401480607928,108.14437083743884,4,120.000438,120,8,108.13428006909005,3.8238243314085922,3.536181430130614,94.14050113704818,117.98207490754126,103.82357309097205,112.68218103786042,6.280821159469449,237.3956445678219,4.853200022149274,232.5424453789786,250.56227579584828,bbr,per-pair
1775009400,2,srv02,st02,114.44512137007045,114.44549888066057,1,120.001537,120,8,114.43886847265715,4.6013390744133735,4.020783441696446,99.56223284060857,122.18339569220285,108.42853373845332,119.46159023931979,8.06288637479605,240.7649666773862,4.8561913157745975,235.90877369501428,266.2182436857785,bbr,per-pair
1775009585,3,srv02,st02,115.60807400158627,115.60848826264663,4,120.000779,120,8,115.60103735903957,3.1694392083343073,2.741704815753947,107.24776710351716,122.33713009607239,111.18852213056643,119.34443807311548,6.742864215976057,253.458938957991,4.970081570611318,248.48885738737968,268.2300755051996,bbr,per-pair
1775009770,1,srv02,st03,111.24184505388133,111.24175593266898,0,120.001599,120,8,111.23674095431309,6.350950066571887,5.70939962110211,89.66461980792202,120.631573335523,105.45337291071993,117.5830159789168,10.69724160326393,237.6995068073735,4.678205679366954,233.02130029470965,258.8493141995555,bbr,per-pair
1775009956,2,srv02,st03,114.99481269126142,114.99473123712168,0,120.00068,120,8,114.98809843388457,4.196512252932101,3.6495187850636523,96.15295110833729,125.35511628612171,110.24780729694332,119.67799772451933,9.142201403462812,238.78990166518057,4.9515698158118635,233.83833101606305,270.80166540942463,bbr,per-pair
1775010141,3,srv02,st03,106.47613288080272,106.47605957248044,0,120.00072,120,8,106.46905001546013,3.628028000840651,3.4075893419860828,98.53489701990625,116.71868954735329,102.30442185935111,111.36533972951659,7.696615686265372,230.4483150302285,4.46840165550831,225.97991254141624,253.67851915956376,bbr,per-pair
1775010327,1,srv02,st04,110.91671233542644,110.91662713294991,0,120.000748,120,8,110.90869876264236,3.590872907527486,3.2376837413018213,100.85143855858296,121.06422716751277,106.83852150589983,115.08928956042466,6.082435999592693,247.2712134630204,4.787535277389077,242.48367735232765,264.0897385497142,bbr,per-pair
1775010512,2,srv02,st04,107.77556120867182,107.77548193076473,0,120.000913,120,8,107.76881690799901,3.833137100717231,3.556814680437232,94.71386831241789,114.32224494090597,103.53943065160749,111.6885607255001,6.823496470399918,246.01876209310754,4.683040212189716,241.3357218809178,258.4369923219813,bbr,per-pair
1775010697,3,srv02,st04,105.75222702051207,105.75216625109881,0,120.001597,120,8,105.74711272890934,3.54775337282759,3.354941124418708,84.72655461012657,112.32190999735417,102.02132091653777,109.0493971379596,4.369031582080119,218.1113047198108,4.335229105322316,213.77607478118944,248.88597737329388,bbr,per-pair
1775010883,1,srv02,st05,112.15550896658613,112.1554220465918,0,120.000632,120,8,112.14868798423372,3.93809042609616,3.5114904123085164,95.1298235558956,119.16246484624565,107.38828931441724,116.39987052745576,11.351467403870235,254.7376137443759,4.877821654451756,249.8597929232277,270.94661337998775,bbr,per-pair
1775011068,2,srv02,st05,105.27775514186415,105.277631476061,0,120.000399,120,8,105.27376281731809,4.633859451716409,4.401723019778025,71.5400151752618,113.0590749331,101.31591502507638,109.24032858721735,8.462291421347077,216.6817230296906,4.555801097412745,212.125921098969,242.06964730731656,bbr,per-pair
1775011254,3,srv02,st05,111.00271905521626,111.00261360395305,0,120.001388,120,8,110.99529461701432,3.688492039304831,3.323106670451079,100.92771670800218,120.48003158860593,106.7276875235957,115.34978361026549,3.972847604822178,242.8210824798868,4.82107253027542,238.00000994961138,257.0383100025428,bbr,per-pair
1775011439,1,srv02,st06,110.04783327623554,110.04772112767996,0,120.001705,120,8,110.03980283584465,7.406804448595509,6.731023009596666,85.28516645119237,121.05269250915092,100.04282008504681,116.07211540294215,4.95345869207341,234.11978138993211,4.543484931963634,229.57629729126646,260.494536511893,bbr,per-pair
1775011625,2,srv02,st06,109.93308679973602,109.93299624740739,0,120.001494,120,8,109.9269731283695,3.4628426118395144,3.1501300484237915,100.05726571653292,118.2644981774828,105.85977626015358,114.22403288675625,4.299008570105737,231.1535081648281,4.803152554338198,226.3503556104899,259.6742959279616,bbr,per-pair
1775011810,3,srv02,st06,110.69461334495452,110.6945225096122,0,120.001623,120,8,110.68684859845479,4.342738725879563,3.923445992788152,96.1380485304049,119.26815685207463,106.21083202520313,116.08210293909087,9.65480885456462,245.88539589717,5.021998418985374,240.8633974781846,263.0625786405447,bbr,per-pair
1775011996,1,srv02,st07,108.40779561460955,108.40762921195133,0,120.001493,120,8,108.40135185082457,3.4635035300698784,3.1950741120241233,96.53306791081924,115.93927568197361,104.44709646309806,112.86689457437959,12.270238541516603,244.02925892372065,4.8103519653658315,239.21890779165375,255.9005678164586,bbr,per-pair
1775012181,2,srv02,st07,101.87454183110806,101.87440248016631,1,120.001471,120,8,101.86945207222296,8.786446644925997,8.625202615889815,73.80409654413828,113.26734242439123,90.82979942658113,109.76001474912829,11.124622749158082,212.2951466572404,4.220363157928288,208.07478266601217,242.13634505896522,bbr,per-pair
1775012367,3,srv02,st07,105.72637422154388,105.72623325533209,0,120.001787,120,8,105.7167992866422,3.2864414460147073,3.1087220462509446,93.82577834088296,112.7796449001838,101.72304420267602,109.6585877409127,6.802501939391886,240.84045023457236,4.39596948058358,236.4444807539888,247.96437017928153,bbr,per-pair
1775012552,1,srv02,st08,104.73345099003124,104.73332182051023,0,120.001464,120,8,104.72632341356142,7.364049516318339,7.031708243244545,76.312004450161,116.01521684772862,98.90090306447911,110.78780903191216,4.187532870693033,240.29078641621783,4.522755944403173,235.7680296385174,244.78520689254717,bbr,per-pair
1775012738,2,srv02,st08,112.25232481125,112.25216951984116,0,120.001447,120,8,112.24435990420334,3.172273136656369,2.8262205240101097,105.033760768,120.30248966833388,108.08926423997903,116.57805050723131,7.598594649900231,237.051665785453,4.914465611626854,232.1371993405272,259.1963312423724,bbr,per-pair
1775012923,3,srv02,st08,110.67899801771419,110.67885136990179,0,120.001363,120,8,110.67091102859247,3.070869394449802,2.774775562890618,103.79625398899204,117.55783381693308,106.72614858809025,114.67070591223933,8.617009207207547,243.88182058505964,4.930699816243692,238.95111993551444,258.12405287142724,bbr,per-pair
1775013108,1,srv03,st01,111.36021007503416,111.36082003826702,0,120.001618,120,8,111.34920488307593,12.644229753109007,11.355473769557932,63.78903355291195,120.63652978249297,108.3883424912031,118.66044581391704,15.641365858676446,282.95758593550914,5.29897547617705,277.658610459332,260.620084559993,bbr,per-pair
1775013294,2,srv03,st01,112.19085225475668,112.19146930248496,1,120.001041,120,8,112.17670833581943,5.600025684506899,4.9921465583945475,91.03623449134203,123.05242479988631,105.21505304937018,117.57180240079802,6.774499125007395,281.54661371562486,5.354725709318173,276.191888839611,261.640282625436,bbr,per-pair
1775013479,3,srv03,st01,104.99754383093311,104.99806533823806,2,120.001495,120,8,104.97839800021978,8.409450028724276,8.010648084672306,74.5107715497993,116.21274725993182,99.74532992707285,112.53990578025788,4.2672542863781,280.5568808512569,4.931939104200658,275.6249434136581,247.82545634519892,bbr,per-pair
1775013665,1,srv03,st02,106.60101385552932,106.60132210759232,1,120.001334,120,8,106.58762158268225,3.5833099023827946,3.3618443203586694,95.0414458730087,114.36132721891936,102.68317046426958,110.89479989393756,5.492608568735774,281.661440756321,4.77414640193654,276.8872943543844,246.86231333362022,bbr,per-pair
1775013850,2,srv03,st02,111.7583895302903,111.75869894554933,1,120.001035,120,8,111.74334152985823,5.709456866407388,5.109438100060575,91.41230547283155,121.41324602680392,104.00420699758875,117.82177117427256,7.652033038941757,294.5097362343941,5.366734753729198,289.1430031472732,259.0623388368548,bbr,per-pair
1775014036,3,srv03,st02,108.86361085144271,108.86392268450133,1,120.001555,120,8,108.84995842191323,5.714250449792981,5.249657907671383,69.2291039773103,116.94179955277251,103.89828033231116,114.29381393044756,4.645558618544905,276.91380954716965,5.024307043659966,271.8895025035097,256.040914792216,bbr,per-pair
1775014221,1,srv03,st03,105.29875891598807,105.29858444445003,2,120.001114,120,8,105.29139545441316,7.638875747461803,7.254985760701711,65.41215114963495,114.1754189026895,100.993502190378,111.2218983886403,8.075388765374363,264.7149443041263,4.6680116309805975,260.0469343397475,248.1206466504573,bbr,per-pair
1775014407,2,srv03,st03,111.4731965270288,111.47308133946531,1,120.001341,120,8,111.45839747530671,3.4710152639150373,3.114180126880104,94.40112961999941,119.34646748781,107.15501781719819,114.67507014670416,12.009088220836055,282.50035925552,5.192897819397115,277.307461436123,263.8604397681385,bbr,per-pair
1775014592,3,srv03,st03,109.50240873259948,109.50229649412329,3,120.001473,120,8,109.49200226526301,6.565066917571481,5.995932836871947,89.237565110237,123.11686762437445,101.60765920277147,116.4568631404833,12.577579941193578,281.555119454343,5.386211257183278,276.16890819715974,257.4578679558384,bbr,per-pair
1775014777,1,srv03,st04,118.24773726344779,118.2475588712892,1,120.000509,120,8,118.23624599854813,6.985176901795034,5.907813498984743,94.79562918659803,127.9490779926974,113.02490967937504,125.01307575660016,19.56294322498156,306.2633098695032,5.48775068269811,300.775559186805,273.79321181549864,bbr,per-pair
1775014963,2,srv03,st04,107.26989000281463,107.26971460759523,0,120.001616,120,8,107.25657176610369,7.417167979116525,6.9153505999532365,73.3727796699046,117.97627123522298,101.31463747749915,113.25778985730416,8.272653428837305,278.0625445851746,4.92965797209358,273.132886613081,254.95577890668324,bbr,per-pair
1775015148,3,srv03,st04,103.7731528170598,103.77302656147357,1,120.001517,120,8,103.76295848849557,10.32074310598178,9.946461874567756,70.57448756978137,114.07261106997971,88.51417153183671,111.9561578307361,12.389320744799548,269.13725904492736,4.790225976023121,264.34703473550223,249.57552879205562,bbr,per-pair
1775015334,1,srv03,st05,111.85403640569099,111.85390777531886,0,120.001513,120,8,111.83784497960586,8.770061564796078,7.841765518993449,67.88941788097156,122.18618098421607,101.98117293832932,118.41295528997836,9.868182601832952,287.7018641697386,5.3323791171550985,282.3694858858824,265.894374804987,bbr,per-pair
1775015519,2,srv03,st05,104.41140557880212,104.41126195837084,5,120.000707,120,8,104.40289239890893,4.579479176151752,4.386352782884787,71.25712111912765,114.7091216295047,100.51020243879088,109.2398267362636,4.435070552211641,260.0733753896705,5.018706459517703,255.05466809684913,245.088407454167,bbr,per-pair
1775015722,3,srv03,st05,107.728362001688,107.72819047512381,2,120.000899,120,8,107.71797803490672,9.713208792975104,9.017258743779497,68.3234999160757,121.87868633395851,95.84073607665954,114.97718554285245,12.164575187024315,283.372905776509,5.218197695177537,278.15470724802856,257.0297848045604,bbr,per-pair
1775015907,1,srv03,st06,116.03946709539005,116.03931660656585,0,120.001544,120,8,116.02683865806766,4.072686048442938,3.5101241191662447,104.91871772982367,126.65078912192489,110.66410345139694,120.9882481124106,7.822766636018544,285.9293534632985,5.541770177827748,280.38758411876825,275.30852487817083,bbr,per-pair
1775016092,2,srv03,st06,109.55479084918868,109.55468859950932,0,120.0016,120,8,109.544335533086,3.943427137483789,3.599845777778938,97.7861025423182,118.33854651249334,104.75398440502333,114.35029180792141,3.416862258176222,280.4130751003495,5.052828651666035,275.36024561538386,265.22897526922844,bbr,per-pair
1775016278,3,srv03,st06,107.3308289610133,107.33069748277039,0,120.001699,120,8,107.32162307617997,9.08100377558257,8.46148568693991,78.6241892496302,118.56672074494425,94.61677393723785,114.50562388644772,9.044812071579994,268.82165097314885,4.785236176566854,264.03641562987946,255.8748904579351,bbr,per-pair
1775016463,1,srv03,st07,107.88920327519743,107.88907380906946,0,120.000705,120,8,107.8730956760267,5.076335456213412,4.705840158197628,95.9640971885228,121.79017025423494,101.46631839487443,114.78110288292562,5.724247676626828,283.26171217422876,5.083071119902238,278.1786418876297,251.08669856160768,bbr,per-pair
1775016649,2,srv03,st07,110.27405904222563,110.27395703989404,1,120.001269,120,8,110.26057342281541,4.90368416014963,4.447359566456732,95.28710448668761,119.68438557690104,102.72154765246961,114.91548209138853,10.173693069239034,284.99204521139154,5.1410686900717,279.8509773546224,255.56613941470525,bbr,per-pair
1775016834,3,srv03,st07,114.18871286970267,114.18859526511868,0,120.001537,120,8,114.17640424553406,4.119124678889667,3.6076847104341914,104.57052162797805,122.347323392,108.74732205591859,120.03137544425894,5.334840835102477,288.02175090857526,5.316065463250432,282.705686278624,267.4120391334586,bbr,per-pair
1775017020,1,srv03,st08,109.58830805528746,109.5881937053375,0,120.001602,120,8,109.57301637622787,5.5606318381303,5.074818620523704,93.01003438661026,119.455350784,101.62709018681134,115.6342003205939,6.259192394508693,296.1139754194552,5.283512695112818,290.83046272434234,257.9912146106483,bbr,per-pair
1775017205,2,srv03,st08,108.30304386830859,108.30292217269377,1,120.001595,120,8,108.29278974101722,8.00108273942429,7.3883799268251575,52.82330737365694,117.85003626401586,104.30135988359885,113.0116214898761,9.196824103816782,279.59415429659765,5.303708887450427,274.2904470757483,256.74504609225215,bbr,per-pair
1775017391,3,srv03,st08,115.00971534511444,115.00958446725097,3,120.001601,120,8,114.99907001097145,3.672489047243696,3.193494562080653,104.87731945004414,122.839372977669,110.3998067961819,119.52786899898373,4.899584646704482,298.1890894954508,5.690491147414354,292.4985983480364,272.5293576375482,bbr,per-pair
1775022585,1,srv01,st01,18.35133499296054,18.35132248264226,0,120.00205,120,8,18.351101412204606,3.7191371514683063,20.26656094328405,8.118616132845842,30.011413546916128,15.82484754056389,21.54563300235738,84.80130704021889,28.228367396021557,0.7562294935443876,27.472137902477172,48.49132295503731,bbr,app-outbound
1775022585,1,srv01,st02,26.160976454478035,26.16085922468963,0,120.000695,120,8,26.160558911592613,6.948419960772216,26.560670910181283,10.434861770296422,39.164328994049974,19.138354127621696,33.9307327849357,86.30221788560682,45.493425600796215,1.004699891389313,44.4887257094069,63.5697213159348,bbr,app-outbound
1775022585,1,srv01,st03,23.000425806548066,23.00026513983134,0,120.000691,120,8,23.00008715689928,3.8902855384512893,16.914220854525457,15.284644591008155,32.196034415564306,19.126413301405705,28.780097636684392,97.69508177120024,38.652144359537715,0.9916809553142207,37.66046257096498,58.705091179443436,bbr,app-outbound
1775022585,1,srv01,st04,14.228845597636864,14.228707505632686,0,120.001868,120,8,14.228595714282688,3.34825202076269,23.531851547385727,10.932138111483422,23.632076538440632,11.259897222941278,19.75122893802881,45.95864752060444,18.8461003396842,0.611376556153303,18.23472461681524,37.73834995360836,bbr,app-outbound
1775022585,1,srv01,st05,39.01437827180564,39.0142335509361,0,120.001283,120,8,39.013705755700975,6.754722456793339,17.313716618181772,8.047239721032003,47.8465487878296,34.41796579327441,45.353842903939,65.27856572849414,66.88871362564453,1.6634272909370216,65.2252863347075,94.82895662027553,bbr,app-outbound
1775022585,1,srv01,st06,10.465336806402162,10.465146879565914,0,120.001077,120,8,10.465120837950506,4.663331086313964,44.560699857405886,5.759673992119465,30.282454611852867,6.291289196746201,16.955376422953126,20.306660796175695,13.740626811662407,0.5101709666419586,13.230456678315885,31.09875789349756,bbr,app-outbound
1775022585,1,srv01,st07,13.012653370581871,13.012576471171462,0,120.001491,120,8,13.012539843529636,2.883092262008459,22.156260781342006,9.309155632119712,22.20156708711701,10.71951981209915,15.803858855517433,32.5091832961053,18.358932137489052,0.5823203055907745,17.77661266516646,34.88144372082617,bbr,app-outbound
1775022585,1,srv01,st08,23.7556660720776,23.755511725943993,0,120.001645,120,8,23.755415488682424,3.5034898793666454,14.74817344716947,17.952493287313477,33.18480315246777,20.285516059275718,29.07814708866489,72.33961492238771,37.89081838174553,1.0024705532587042,36.8883486617763,59.38917066128404,bbr,app-outbound
1775022771,1,srv02,st01,15.561664201240703,15.561636633371437,0,120.00117,120,8,15.561528979314128,1.1621865805689164,7.468331563780178,12.733356851114795,18.14358066122836,13.989177024222927,17.054746131027883,100.32828720798828,24.846717722996964,0.6558503469367414,24.190867376060222,39.80594143148113,bbr,app-outbound
1775022771,1,srv02,st02,19.46516502789542,19.465209310657272,0,120.001597,120,8,19.464953605579087,1.9257840931384527,9.893597139561022,16.51344982016244,30.058764722571343,17.17385942729767,21.640238499980637,79.23629450193269,30.420690802285115,0.874058242834576,29.546633392732147,51.16102800397388,bbr,app-outbound
1775022771,1,srv02,st03,27.361694356299303,27.3613463677638,0,120.000942,120,8,27.36144551777869,2.5520880377722133,9.327314363248604,21.372513694726102,31.42512066438353,23.53794325797787,30.205168754836293,92.5780469133105,44.05574351403263,1.1005324505981744,42.95520939686502,68.49315719167383,bbr,app-outbound
1775022771,1,srv02,st04,33.20164595915288,33.20155624956214,0,120.001063,120,8,33.20104475119045,3.7682822956039304,11.349890715317972,24.26450061415301,38.23431138880735,25.731322783006604,36.541405239845716,102.71240776800565,58.75407395825106,1.2865647528724347,57.46750920537863,79.7739330835834,bbr,app-outbound
1775022771,1,srv02,st05,19.644305570838227,19.644146733692878,0,120.001582,120,8,19.644160112199483,2.4398743091797783,12.42035442209901,14.37558333399896,24.309533849112068,15.692043057288467,22.193275869390884,84.50126210380228,31.146684681169873,0.9461180642697455,30.200565783615474,50.502031190247,bbr,app-outbound
1775022771,1,srv02,st06,18.460528438961052,18.46040235301316,0,120.001061,120,8,18.460301075611724,1.3491388463991638,7.308325259015078,15.10540770796654,22.105336912029234,17.041843812389676,20.4109732399143,72.48503175318888,27.914605915763367,0.8280510446248817,27.086554871138485,50.32213343996338,bbr,app-outbound
1775022771,1,srv02,st07,14.316486934964178,14.316372546615868,0,120.000666,120,8,14.316308495834251,3.7636984127866513,26.28958724856907,11.019993629222519,24.16617668244906,11.602637844497778,20.402339793152493,44.743809068313716,19.928469612522136,0.6797874178980877,19.24868219462405,40.544866272745836,bbr,app-outbound
1775022771,1,srv02,st08,20.20882234677497,20.208644376035263,0,120.000743,120,8,20.208588083716158,3.8254809321696324,18.92997628692407,16.583529642674126,41.02138829339302,17.714954879645802,26.931728447862962,31.262191522336774,31.00814142753356,0.864143579994856,30.14399868084415,52.32333887135243,bbr,app-outbound
1775022957,1,srv03,st01,29.24967647762298,29.249312546707444,5,120.00101,120,8,29.249035327356037,5.519292954338255,18.869999959199237,11.777333311314175,34.640910762723536,26.199516949460158,32.68918404360997,97.14705439325762,59.30235146991304,1.2266574770489949,58.07569399286405,66.49964373177504,bbr,app-outbound
1775022957,1,srv03,st02,19.693649392762374,19.693615432497158,4,120.001128,120,8,19.693083876062087,1.970419001287747,10.005639612812944,15.875945611795307,24.361553794657247,16.878192497687234,22.068240468366106,56.23861354886744,39.22006129220983,0.801678825677318,38.41838163323938,48.198569675010226,bbr,app-outbound
1775022957,1,srv03,st03,21.32198641098518,21.321656935136485,3,120.000605,120,8,21.321407854826745,3.8978523489012713,18.281402313772986,11.263283227046022,26.258126329088835,15.432880167931694,25.09977603009597,84.12040147102014,43.45068564266989,0.8528779140555064,42.5978085618659,54.6989397869574,bbr,app-outbound
1775022957,1,srv03,st04,17.2345965270073,17.234307000138482,3,120.001001,120,8,17.234178941557364,2.438220259461271,14.147585839334113,13.13201427784655,23.27011230969212,14.528019994316937,20.060280446507193,73.13448112082362,34.30555282548485,0.752585987082182,33.55296767165867,44.51941897646886,bbr,app-outbound
1775022957,1,srv03,st05,18.10261784347864,18.102443783492685,4,120.001668,120,8,18.102199984944015,3.8288854658192246,21.15149246502519,9.582926925008715,26.13659169987047,13.183516079024256,21.538221424648793,67.44096987278958,36.72711706802514,0.7442612487855927,35.982855819239546,43.8763719909023,bbr,app-outbound
1775022957,1,srv03,st06,27.100938891753593,27.1007206643658,0,120.000858,120,8,27.100277319251592,6.004702543375226,22.15734722061159,12.34215167267389,39.40710729281154,20.31851027170993,35.34125351122968,71.22267799333629,53.65278049149245,1.093429801806724,52.55934985640589,69.8647627083718,bbr,app-outbound
1775022957,1,srv03,st07,39.89444053431988,39.89432361380148,1,120.001974,120,8,39.893273704661766,7.663128882981882,19.20907504285967,31.537926320129447,61.945793903225685,33.94262334992924,52.16282973961432,53.80793380291331,80.25950028571113,1.8287995570279627,78.4307015619639,94.19783371081014,bbr,app-outbound
1775022957,1,srv03,st08,13.265358709993384,13.265155708589175,3,120.001555,120,8,13.265038371266005,1.1472268783566442,8.648500262477219,10.85150548300888,17.258802325079923,12.086514848832302,14.58076931272469,72.17604237746876,25.201752322655736,0.554621102344832,24.6471303870936,34.65756870356692,bbr,app-outbound
1775023142,2,srv01,st01,24.132563884132836,24.1325600207833,4,120.000901,120,8,24.13220385796567,2.5248742212477544,10.462675668199829,20.58979882989691,30.475909988057925,21.658023247837047,28.465946229415287,62.92149859248097,39.8928130668509,1.049560177937582,38.8432528889133,65.27595568631716,bbr,app-outbound
1775023142,2,srv01,st02,23.254995054756737,23.254983446063886,0,120.001579,120,8,23.254687937466166,4.69069462968447,20.170963559253714,19.42174435164494,38.16254137632663,20.466834518203513,32.56667441939438,60.57839861114793,37.7254375641467,1.0863299235532677,36.63910847388388,60.801609044030236,bbr,app-outbound
1775023142,2,srv01,st03,16.300699379239653,16.30061292269703,3,120.001383,120,8,16.30057259822066,2.8520637740855466,17.496709130309153,13.046841557202058,23.039235623865622,13.774651496309843,20.911451653833335,75.48210834711226,24.35873593705017,0.6661258378472925,23.6926109324351,42.03955252846596,bbr,app-outbound
1775023142,2,srv01,st04,16.385666774265072,16.38552628063173,0,120.001776,120,8,16.38550202725356,4.095232304986912,24.99302308940809,3.376322503949004,20.806995768745345,11.34223279410011,19.538923488614845,56.08375161164548,24.12555559145174,0.7220312961029443,23.403522628773384,45.02212425607803,bbr,app-outbound
1775023142,2,srv01,st05,22.04329856571767,22.043166641640557,0,120.001269,120,8,22.04301394807525,2.601953897846221,11.803984264472229,19.00281856,30.22199622537412,20.055153713408483,26.831109127649277,78.39672841787278,35.4407315161203,0.9731025383795633,34.467628144444475,54.17687179499957,bbr,app-outbound
1775023142,2,srv01,st06,20.092987124787264,20.092790024502666,0,120.000658,120,8,20.09272662696321,4.665985778004563,23.22226278509705,3.440773202961152,24.55139903968354,15.321099615016257,23.714029841500135,94.16510411809863,31.507584758140634,0.925941696750734,30.58164139480567,53.647801919778516,bbr,app-outbound
1775023142,2,srv01,st07,31.061656578803806,31.061521728771936,1,120.002127,120,8,31.061459659733128,7.345867428840847,23.649459842879647,3.516281367908433,36.65904485455369,23.035894885926172,35.11121847933323,67.816944806727,47.98278192641416,1.2648250229291966,46.71795690348497,77.60815546837625,bbr,app-outbound
1775023142,2,srv01,st08,14.164040658077866,14.163599669470736,0,120.000754,120,8,14.163949443846946,4.51809653039283,31.89856436797412,3.6341330863422017,18.7793957569335,4.970868675218062,17.71542814623692,58.64351855086242,20.74879819708962,0.632849559791443,20.11594697084991,36.86591790990263,bbr,app-outbound
1775023328,2,srv02,st01,17.24662713930823,17.246642576445144,0,120.001408,120,8,17.246464819084544,1.3331611068453768,7.730054366678853,14.191854088073907,20.350838617124545,15.484930797769804,19.03422751245516,79.94717774284526,26.990854355713484,0.760038220443791,26.2308169685691,46.26934179932642,bbr,app-outbound
1775023328,2,srv02,st02,18.82033196996775,18.82025796541858,0,120.001807,120,8,18.820109132284763,1.3946174267342217,7.41025153962492,17.01896348846366,30.41903506884146,17.721887188793122,19.92108708070863,63.18913586331656,28.377738618986825,0.8646046055104568,27.5131331801924,49.0043397062001,bbr,app-outbound
1775023328,2,srv02,st03,26.33360667513484,26.333504292669954,0,120.000692,120,8,26.333310692269144,1.103979786784882,4.1923319087599005,23.430226580610256,29.50216104788013,24.826319207976567,27.534983300183615,84.63546310307534,46.9362738684966,1.2006023827523689,45.73567148574424,65.88825378222353,bbr,app-outbound
1775023328,2,srv02,st04,10.207806340138866,10.2077218118208,0,120.000747,120,8,10.207741990620894,0.7876478979934428,7.7161814896688385,8.50714830162081,12.84409533838814,9.472473544511244,11.546203074515663,77.77930718148508,14.339121257984017,0.4140290280043541,13.925092229979663,27.77583608227389,bbr,app-outbound
1775023328,2,srv02,st05,17.26252649188759,17.262408076409887,0,120.001283,120,8,17.262374185680645,2.2497245217835946,13.032532475456183,11.27850631254632,20.456483501703364,15.028702549884203,19.80445537883102,73.99515610494232,27.549493652974487,0.7674849489075694,26.782007037479982,46.70480665311344,bbr,app-outbound
1775023328,2,srv02,st06,36.611658424333605,36.61152822161343,0,120.001581,120,8,36.61135505925548,4.09451704260468,11.18373530828811,24.622781472169148,43.08957053248946,31.83919448149063,41.338246560408976,82.97152568708813,61.61889799326291,1.5433179729415984,60.0755800203213,93.2449552340282,bbr,app-outbound
1775023328,2,srv02,st07,28.67230866465955,28.672172678652576,0,120.001195,120,8,28.671800086316708,3.3171192705175603,11.569274550364273,22.849951290500375,36.48672093478266,24.46766522935976,33.35314524753052,86.76256933022809,51.014657416790186,1.132309381247887,49.882347202251125,70.6459118708447,bbr,app-outbound
1775023328,2,srv02,st08,10.397311640542165,10.397172859068151,0,120.001524,120,8,10.397168174500727,0.9096157312336833,8.74868729607101,9.244125495723454,18.028220644084648,9.584660395758544,10.973315597420822,58.36115594584634,13.456128478013921,0.4712640208966698,12.98486445711725,28.0090719778307,bbr,app-outbound
1775023514,2,srv03,st01,24.204433487446806,24.204458731928867,3,120.002054,120,8,24.203493276667174,5.399749546786933,22.309794231200662,6.3850907367737575,38.06185821710848,20.887906954977055,31.807073130366746,89.35183100392878,51.905429088090315,1.0036167655154133,50.90181315586957,55.8163919686505,bbr,app-outbound
1775023514,2,srv03,st02,24.318766081785625,24.3186580067361,3,120.001211,120,8,24.318210107179993,5.4961416095435895,22.600929860051025,11.744615717928877,30.163865930538392,14.116340202381737,28.73287476876366,35.63954622544735,49.9211777469242,1.0291818363538052,48.8919959105704,56.877868646627874,bbr,app-outbound
1775023514,2,srv03,st03,15.432332232440363,15.432248056697725,2,120.001069,120,8,15.431920481681002,3.8560781794371,24.987675280044318,6.422711484712223,20.224376311820485,9.092468617429814,18.503213184156508,63.327436828979586,30.615624345497,0.6558314266512307,29.959792918845775,37.88025948084664,bbr,app-outbound
1775023514,2,srv03,st04,23.736377280834052,23.736257850471524,2,120.001113,120,8,23.73573175543025,1.8093421426499978,7.62286227908713,17.3403188825803,26.961630695913033,21.252864660327308,25.58563313019923,58.06111232512663,49.7050078210232,0.941807928094043,48.763199892929165,55.744458343249526,bbr,app-outbound
1775023514,2,srv03,st05,16.53888458595404,16.538677258323613,0,120.000784,120,8,16.538620365613205,3.6359450236306046,21.98457273492047,5.683944275993377,20.41537801108932,11.575585715411933,19.359487431043565,69.2856086585866,32.62593569918458,0.636988175465573,31.98894669045783,41.9331774456673,bbr,app-outbound
1775023514,2,srv03,st06,20.942913020120653,20.94273815161169,0,120.001868,120,8,20.94231344091379,6.351089218680686,30.326588495581053,14.485010749895228,37.8214216365648,15.750365857648639,30.870051354583904,91.99924543956841,41.59491303694897,0.8553955825843547,40.7395174543646,51.38673222615818,bbr,app-outbound
1775023514,2,srv03,st07,23.05255341390311,23.052509427827918,4,120.001575,120,8,23.051742586428116,2.4125179237077186,10.465663993350795,16.568085314232487,30.174268647599714,19.710452058026835,25.104436579614614,64.48368995982078,48.295013390720634,0.9576740311672433,47.33734102596752,54.40001305981368,bbr,app-outbound
1775023514,2,srv03,st08,37.88459159825915,37.884352061519635,1,120.001178,120,8,37.88348272954288,3.01294434813672,7.953187328754016,19.474153303172717,43.08553671638465,36.12689645384047,40.34090581801379,69.63960138393892,86.14057879293664,1.4390392351793029,84.7015387244915,86.61421142989036,bbr,app-outbound
1775023700,3,srv01,st01,11.791726897104038,11.791648260978125,0,120.001774,120,8,11.791608442506371,0.8530107979669588,7.234049554189968,9.43462729675885,13.97321251684866,10.731830967630557,12.70604000074571,58.7861023947154,15.55552933476302,0.552393214093335,15.003135287381788,31.358456600943107,bbr,app-outbound
1775023700,3,srv01,st02,17.473918617144502,17.473850895435874,0,120.001663,120,8,17.473785831939804,0.8831388160055793,5.054078289040928,15.875902574175763,19.94843813266058,16.493017778976643,18.886289237396745,112.23728235366535,26.03485047514425,0.7026370657670143,25.332212576083947,45.510270487231416,bbr,app-outbound
1775023700,3,srv01,st03,21.00658777676666,21.006453650515162,0,120.001538,120,8,21.006339409202564,4.818389646939414,22.937788222295165,10.926793683395289,25.991337385811544,13.063336176716488,25.02286640154215,81.07038531419371,34.0868055602428,0.8936589005984297,33.19314665964438,51.27593299949066,bbr,app-outbound
1775023700,3,srv01,st04,30.75666447278138,30.756501831346554,0,120.002628,120,8,30.75572560803804,7.512893123100835,24.42762436772857,8.66920242331592,38.85333207747207,18.650741677507643,35.60489455063855,132.839447898259,60.63181938615154,1.0554352449405129,59.57638497450245,69.10454820986257,bbr,app-outbound
1775023700,3,srv01,st05,19.39287032940491,19.392723322715675,0,120.001277,120,8,19.392706075314372,0.7672429673339425,3.9563481463300882,16.475226112,20.914599836678764,18.37082161687483,20.240039717198897,92.2789191304902,28.7890936534432,0.798450601502614,27.990643051940587,54.15973992295924,bbr,app-outbound
1775023700,3,srv01,st06,16.3632717269802,16.363115970013318,0,120.00126,120,8,16.363196259472023,0.9622042592084101,5.8802952916452815,13.569609075012341,18.240576651947155,15.271903564075172,17.517081599609483,61.10416739276443,24.056190214344607,0.6985265950967477,23.35766361924786,45.80228734473318,bbr,app-outbound
1775023700,3,srv01,st07,27.121284734010207,27.121120355670246,0,120.000958,120,8,27.121074815598032,4.055505919531126,14.953337753409018,13.584666872988032,31.325377879148448,23.119631780768508,30.122314149100553,95.88295820014025,45.44237091609042,1.0620443675593347,44.38032571527082,65.2769178810904,bbr,app-outbound
1775023700,3,srv01,st08,23.805085699402472,23.804801146462868,0,120.000755,120,8,23.804773386032213,3.4392714320586317,14.447822612235717,19.170655211720717,36.88719111232725,21.439101154057433,25.128538469009044,99.30679017291168,39.509449689619515,0.9428890871251064,38.5665614357776,61.0725442809206,bbr,app-outbound
1775023886,3,srv02,st01,18.06380126017872,18.0638516698009,0,120.001074,120,8,18.063622951732466,2.2539935290484436,12.478081141702889,14.298449022194518,28.664169403281516,15.233466691691012,19.94526158186629,66.62803658217385,27.57195686525379,0.7628526409495103,26.809105057594074,45.07856527645912,bbr,app-outbound
1775023886,3,srv02,st02,19.75543601377103,19.75537382117938,0,120.001235,120,8,19.755325595972177,0.9009005153897123,4.560291912239567,17.511808405238302,22.10556548500489,18.582242704647555,20.715839970445032,112.03612850825735,31.715524682684578,0.8527794166796632,30.862745266004914,50.977812817460666,bbr,app-outbound
1775023886,3,srv02,st03,21.023944454130923,21.0237920093995,0,120.001147,120,8,21.023770564375834,1.807337872217325,8.596640011282307,14.423644182190607,26.756062881948445,19.03595379717126,23.114601603608314,83.3488409331991,32.890956478537845,0.856726420274178,32.03423005826366,55.54068423047084,bbr,app-outbound
1775023886,3,srv02,st04,15.461838760273794,15.461692309601263,0,120.000948,120,8,15.461643419744254,1.3713884418282907,8.869616279450936,12.803151116363715,19.387178919355215,13.902066068289436,17.096847589530814,57.55931382874143,21.93781242980273,0.7622063701600086,21.17560605964272,41.97906526056859,bbr,app-outbound
1775023886,3,srv02,st05,30.76036769005458,30.76025778610993,0,120.000896,120,8,30.760082924565655,2.3493813134503956,7.637760012584784,24.199205687051883,35.15884873202117,27.229614202488154,33.197007534560164,56.95706828407968,51.2139465806457,1.331941926462377,49.88200298758827,75.9878331383739,bbr,app-outbound
1775023886,3,srv02,st06,20.81103165096504,20.81091173986738,0,120.000954,120,8,20.810780365566536,1.5585984479168493,7.489380121928067,16.915645172267368,30.628656529913584,18.87265535192637,22.02328141907903,89.87024117420407,32.00738767319135,0.9612026495580797,31.04618502363327,53.561796573980544,bbr,app-outbound
1775023886,3,srv02,st07,20.265108513073137,20.26493594381431,0,120.001753,120,8,20.264986879012334,2.3171705917506458,11.434355253150695,16.098295664128614,24.988066520022393,17.289925818297597,23.864914577307456,71.72778233372993,32.4425810574216,0.827576338392058,31.61500388573514,53.07548502336837,bbr,app-outbound
1775023886,3,srv02,st08,20.949795145432418,20.949652929202557,0,120.001337,120,8,20.949652735186337,1.8333916993950419,8.751418090648054,13.914229475119182,24.947395159403957,19.69172899301309,23.837692273715177,89.88555104737081,32.242440095017685,0.8838791495138663,31.35856094550382,49.34312226204069,bbr,app-outbound
1775024072,3,srv03,st01,32.263018574524985,32.26251218787738,0,120.0007,120,8,32.26221284194775,3.189309674686599,9.885588723597461,19.552590851453875,37.24966291366352,29.569168179974096,35.0708316238796,84.33111970900397,68.5854998136278,1.1803565150359188,67.40514246534575,74.0304963504926,bbr,app-outbound
1775024072,3,srv03,st02,21.973088044894933,21.97293986016098,4,120.001438,120,8,21.97261643112865,3.0093623222189065,13.69596712185599,9.486196075873236,25.95598397040566,19.57391362120601,24.74592113440439,103.03400127899567,38.22033900352918,0.7632895165738904,37.457050320211685,52.66040302755788,bbr,app-outbound
1775024072,3,srv03,st03,27.74331988190734,27.74315003790645,3,120.001701,120,8,27.742400278654024,3.3932243623004523,12.231185219078963,17.8904816725469,32.777042495823636,19.922702232529385,30.26154171304877,107.11911864046037,59.277134236294074,1.1985405272234457,58.078592875823254,64.23849471713822,bbr,app-outbound
1775024072,3,srv03,st04,28.617363181361636,28.61726244637278,6,120.001271,120,8,28.61659284131582,3.0206735788417327,10.555671653826552,18.48518036732382,33.8480798610135,25.77841361215914,32.282337505187996,71.21576842653936,64.0698736864379,1.2790763962230127,62.790796457015254,70.0701358893272,bbr,app-outbound
1775024072,3,srv03,st05,20.75725861030053,20.75718672512915,2,120.001125,120,8,20.756578815961305,2.140595195834761,10.312851721925847,16.249212645407418,24.68048629382428,17.88361829183695,23.23503100657261,109.21534595819229,41.92221699021375,0.876427610389611,41.045789379824136,50.274205804572645,bbr,app-outbound
1775024072,3,srv03,st06,19.69846879427743,19.698360667663255,0,120.001179,120,8,19.69805756941626,4.7791755154974185,24.262166452989234,14.070533671942055,35.645324263336775,15.29211209869109,28.423419294026235,99.67068824721497,37.73579879176403,0.8094387855033383,36.92636083955331,48.6905537451683,bbr,app-outbound
1775024072,3,srv03,st07,17.604732115383708,17.604609655501807,1,120.002281,120,8,17.604329679128316,2.5986942522984338,14.761676812832267,10.259932542056118,27.850042796775575,15.345546700505029,19.79133328321951,88.94312519361219,37.3859826814862,0.7308752845066024,36.6551098968637,42.61953012325827,bbr,app-outbound
1775024072,3,srv03,st08,24.081903887143273,24.08168764158708,2,120.000928,120,8,24.081390242232818,2.314728327396926,9.612104218706873,18.208070666134137,28.1966757858033,20.190566783564428,26.442615760767794,94.83301581562228,44.63362380245294,1.01987988912509,43.613743913327845,56.24549365695146,bbr,app-outbound
1775018135,1,srv01,st01,97.2816730369124,97.2821889887184,0,120.000604,120,8,97.27886139986666,3.7724161524238515,3.877940282336634,82.04564705009656,105.17079266362592,93.0839661060321,101.78384074212131,12.120329764217235,194.33677534769222,3.925433317246932,190.4113420304453,266.39276238359065,bbr,st-inbound
1775018135,1,srv02,st01,107.01145624079153,107.01206335272056,0,120.001565,120,8,107.00565033492589,5.43142414283533,5.075829291102912,81.25212019615277,115.47658754057909,103.69478706742557,110.96911739615675,13.9282597645531,245.09093425952466,4.72126380969831,240.36966961652882,302.42536375473026,bbr,st-inbound
1775018135,1,srv03,st01,105.29336597670974,105.29402669220133,0,120.000822,120,8,105.28384174524054,4.187027138032623,3.9768943349959986,86.51766671175095,114.6583243602171,100.64691615082056,110.14677158370569,16.597236078388516,267.16924533128133,5.02347700537761,262.1457683259037,296.16063794498245,bbr,st-inbound
1775018320,1,srv01,st02,86.13375239490084,86.13395849099291,1,120.001002,120,8,86.13000316629076,8.88866835348797,10.320060404881982,49.9255230812957,97.28569692752029,80.14742871142143,93.35406454936678,24.578090181729777,183.6320679252159,3.5533621633749077,180.07870409523935,241.98035384073236,bbr,st-inbound
1775018320,1,srv02,st02,102.91441342720346,102.91482920686077,1,120.001697,120,8,102.91058619350709,6.328431115143717,6.149446183548214,78.3398211062909,110.85452282672176,100.12676492374658,107.75811238249672,9.249546741112304,223.67613277017787,4.383054368130406,219.2930775687488,292.3317267466348,bbr,st-inbound
1775018320,1,srv03,st02,114.01747690127618,114.01785278985679,6,120.001543,120,8,114.00850933279456,6.286668595582566,5.514209976407616,89.8005135636387,123.48919152346942,109.99530916164849,119.13169531098731,7.724736259200615,284.815199781177,5.280858592729052,279.534340355154,308.938068468146,bbr,st-inbound
1775018506,1,srv01,st03,106.19772732162086,106.19760608022283,1,120.00086,120,8,106.19464838943193,6.195955743306716,5.834527292359596,70.94732425819923,116.26377411272749,101.00257607623324,111.8780628174251,15.004266979810616,221.4666033165545,4.171237729689953,217.295364753559,301.254492858318,bbr,st-inbound
1775018506,1,srv02,st03,110.88018187273147,110.8801516318182,0,120.000749,120,8,110.87517738988592,2.5986319342589796,2.343745458120934,104.31270171614945,116.41157057079059,107.40071030164263,114.18353098641826,5.230510725478378,233.38058313187275,4.608095732511137,228.7724882326669,313.0297949805878,bbr,st-inbound
1775018506,1,srv03,st03,105.56455037863314,105.5644616766294,1,120.001112,120,8,105.55873080759488,2.7594960068335697,2.614180736848179,94.8423556443481,116.26764880460773,102.19894754867104,108.39856929572159,8.449564036309678,255.30505583495648,4.68331359072258,250.62174307753668,287.8508562110997,bbr,st-inbound
1775018691,1,srv01,st04,87.27357708126911,87.27343887257146,0,120.00106,120,8,87.27135088190552,5.138727016005227,5.888217569771421,70.21145207040331,95.65735288258419,82.53020731181489,92.2151635266377,11.594971667871157,165.88878771482422,3.270434141733665,162.61835273978778,242.5894945224185,bbr,st-inbound
1775018691,1,srv02,st04,106.55582004684346,106.55559738126313,0,120.000518,120,8,106.55266729542578,3.072645578740288,2.8836871537163242,99.18175861078933,113.41825191797132,101.8452774097819,110.11735346298441,14.306235496252304,214.68473740150444,4.42217669642382,210.26256153838787,291.93269775958083,bbr,st-inbound
1775018691,1,srv03,st04,107.37471373204414,107.37461772457387,2,120.000539,120,8,107.36315181646434,8.468926486035954,7.8881127675102665,79.8504765237335,117.77732825042922,91.29617862423018,114.48857047190428,6.331256972645445,265.4250846422407,4.907635844404806,260.5174504644482,300.0865370471228,bbr,st-inbound
1775018877,1,srv01,st05,88.66335348800062,88.6631641803801,0,120.001584,120,8,88.65874988787209,6.164525659005216,6.953093368451026,64.94642980488447,102.49808518009787,81.39998451933923,96.03901400539029,26.656652587949214,176.31163458131408,3.438479167504475,172.87315541380963,251.36272016891616,bbr,st-inbound
1775018877,1,srv02,st05,110.96978387347,110.96974410962815,0,120.000955,120,8,110.96455178446884,2.9431053294661864,2.6522932613495387,103.23559722700887,117.50252628820273,107.18430356531667,114.5589860236862,6.398037140055815,247.50073836984888,4.78600157262799,242.7147367972209,313.5411787540985,bbr,st-inbound
1775018877,1,srv03,st05,109.45714630816857,109.4570268653998,3,120.001755,120,8,109.44520135253067,5.065265085441847,4.628128984044054,79.73233761482409,119.10804197294306,103.73269647736413,115.57397776149851,3.310398026393683,290.5363035766663,5.482862143993527,285.0534414326728,328.33178357947344,bbr,st-inbound
1775019062,1,srv01,st06,97.44972372461184,97.4495844382276,0,120.001605,120,8,97.4470884554094,4.091309925154349,4.198493756975082,81.9365689339872,105.42099949106132,92.76112190040803,102.05208673874931,18.307076002228886,207.9139371946205,4.122418097256087,203.79151993066168,283.038635433347,bbr,st-inbound
1775019062,1,srv02,st06,94.80227640795954,94.80220116539549,0,120.001443,120,8,94.80019254306771,2.4498318337652023,2.584205546473172,89.49991779637139,101.5490754786572,91.80247792614574,98.0797185207913,21.38190508665467,187.98476398778809,4.01191061444395,183.97285337334415,263.93885893347755,bbr,st-inbound
1775019062,1,srv03,st06,113.27623440565394,113.27611392950217,0,120.000928,120,8,113.26866983431756,3.8282963593242623,3.3798369530816053,101.70231888522261,120.40712390001066,108.93111878129511,117.58692463817367,14.766633613757488,271.38841064257554,5.505823494319917,265.88258714825565,332.3750928210636,bbr,st-inbound
1775019247,1,srv01,st07,96.06230718620515,96.06214568510427,0,120.00061,120,8,96.05895916764594,5.09581776360604,5.304885465927874,63.507586792976156,103.18537517303,92.27976118671974,101.01371409374188,12.706926199183698,206.73002292572932,4.212276730630572,202.5177453617934,269.9072071810738,bbr,st-inbound
1775019247,1,srv02,st07,110.00260906660338,110.00254948274312,0,120.00172,120,8,109.99883228055424,4.695927212696643,4.269070057688963,79.1411331986126,117.62726929950242,106.81335207546769,114.15627871004918,8.132854115087913,228.76144916934007,4.56566913921879,224.19578169672008,308.13977851380565,bbr,st-inbound
1775019247,1,srv03,st07,107.87711750780662,107.87694990484339,0,120.001474,120,8,107.87088892161734,11.861447166981621,10.995966831793288,66.7529996444333,121.47535409837423,103.68677829624619,114.88555565934506,7.691932399364995,266.21296726594437,4.7741103562106675,261.4388560764356,309.19595515527953,bbr,st-inbound
1775019433,1,srv01,st08,100.03571317072851,100.0355679200914,0,120.001532,120,8,100.03097546967216,5.011543631973508,5.009991763494229,80.5454453225459,108.47603477177596,95.17169325601238,104.84154688948067,15.572716692611522,212.7724085280479,3.8694438144027377,208.90296471364516,274.623753452024,bbr,st-inbound
1775019433,1,srv02,st08,105.36064770321867,105.36058716306907,0,120.00054,120,8,105.35567769036507,5.839374029015205,5.5425337836816215,79.5907349207675,114.16744141441652,101.92393428385195,109.79096490709445,13.243752665198816,223.67304905477135,4.095295702849333,219.5777525186164,297.8456390871849,bbr,st-inbound
1775019433,1,srv03,st08,107.65480274575994,107.65469060614035,1,120.000731,120,8,107.64490972201575,3.30023896098788,3.0658569638921893,98.0671130962338,114.98079604005981,103.43529882068277,111.93000424736927,15.996468730156236,283.2071649756537,5.253888438775029,277.95327570357455,296.0701073308975,bbr,st-inbound
1775019618,2,srv01,st01,99.84205529241291,99.84254596619945,0,120.001455,120,8,99.83997975642555,3.4614201189537788,3.46696796954329,84.47922106895525,107.47864873845437,94.91791462686429,103.90019543341435,15.397277354244443,195.76022631609965,3.7440289102871267,192.0161974058125,296.46147325045916,bbr,st-inbound
1775019618,2,srv02,st01,111.4253640119999,111.42598908457148,0,120.001478,120,8,111.41934765135254,3.551588844486891,3.1875871824347173,101.90690104826437,120.46004425232876,106.87204939633328,115.73569017412785,6.384481032196806,254.7217164966847,4.96144126214517,249.76027690114086,304.7360742155176,bbr,st-inbound
1775019618,2,srv03,st01,107.94289107060024,107.94341022051886,2,120.001515,120,8,107.93607893610167,7.304924020784038,6.767824153690598,82.8979904772562,116.65674439130932,99.43048304835337,113.69979835718195,4.444679694480339,262.9622149385252,4.69588465119851,258.2663311206254,310.1221795999436,bbr,st-inbound
1775019804,2,srv01,st02,86.74786151151793,86.7480783787627,0,120.001633,120,8,86.74236881491377,4.060125978387262,4.680672241094248,68.49283227329515,95.6197499550477,82.95816262856312,90.62835136848706,20.175444896216824,207.37226300972273,3.8072661398448537,203.56499770317717,255.999549571704,bbr,st-inbound
1775019804,2,srv02,st02,106.67317734338152,106.6735222510136,1,120.001191,120,8,106.6668735120165,3.002529129707638,2.8148656005834742,100.57112321860326,116.1803016917194,102.52962820139051,110.02908333281232,13.951949266463693,237.58383837461315,4.670766594565054,232.91307178004809,293.0957234134393,bbr,st-inbound
1775019804,2,srv03,st02,111.29221258934801,111.29251390403064,6,120.000575,120,8,111.28118258123608,7.889432841165756,7.089637850861634,74.14132178368094,124.57955401749219,105.14142724742752,117.82682766992866,7.361636596378871,284.0264624985109,5.104269447887475,278.92219305062343,300.873565276242,bbr,st-inbound
1775019989,2,srv01,st03,89.50362143611186,89.5034289999795,0,120.001557,120,8,89.50088469654587,4.103656774232742,4.585046045238831,70.64603424849656,96.11537912610835,84.7184753183211,93.85603246418083,21.264249028831443,179.55659771566224,3.6246225366238845,175.93197434573986,250.857684754115,bbr,st-inbound
1775019989,2,srv02,st03,105.17095424336934,105.17089201804383,0,120.001515,120,8,105.1651206660928,2.989330295569099,2.842511164001274,97.4938654313089,111.35552289297577,101.3725259295663,109.29147107113515,15.30896506085643,232.08193114535857,4.591722423991111,227.49020872136748,289.5392962786694,bbr,st-inbound
1775019989,2,srv03,st03,93.69449624803751,93.69438647376215,6,120.001067,120,8,93.68636951494615,2.616019500687872,2.7923160159072324,88.0385301675904,99.36450714927217,90.55096285116113,97.30572975849046,19.40185684097218,236.82662058106268,4.46933228830588,232.35728829275683,264.9295563323718,bbr,st-inbound
1775020174,2,srv01,st04,101.35977304400855,101.35960632526657,0,120.000921,120,8,101.35501071677092,4.152710316198932,4.097192913139118,84.3008177280744,107.7604958345863,97.68529456091211,105.66836426437911,18.984474012468702,216.94243653542605,4.363234172554024,212.57920152956967,282.2145584023077,bbr,st-inbound
1775020174,2,srv02,st04,110.80594300112573,110.80585620433558,0,120.001563,120,8,110.80143348257118,3.1981543412822107,2.886383542849446,101.17011024340216,117.063548928,106.80294728226814,114.5630080339482,11.676243554419452,227.71435002106574,4.53727640953986,223.1770736115259,317.9860949093681,bbr,st-inbound
1775020174,2,srv03,st04,111.9360996391799,111.93602221781617,0,120.00163,120,8,111.92943353547625,5.733918415913639,5.122797672424798,88.24176613733904,118.64023795679488,102.09445088770313,116.71096914854279,7.298361401865318,279.74954201714814,5.386305486722103,274.36323736372435,338.524487433163,bbr,st-inbound
1775020360,2,srv01,st05,76.92918644354744,76.92910835125564,0,120.000774,120,8,76.92807281954444,5.075285163982169,6.597442231378421,60.80523811293787,85.6511349098191,72.37805496676586,82.36630273252875,32.59087017564704,134.35131277426788,2.89985432822305,131.45145844604482,208.85999558586627,bbr,st-inbound
1775020360,2,srv02,st05,102.47977369605557,102.47973014282246,0,120.001797,120,8,102.47388905353847,3.4315330156392734,3.3486901369054474,91.18120594650892,111.845883347878,98.52045505594978,106.67980585196109,24.816177510494594,212.42849309386548,4.339886394248675,208.08860669961683,269.1942218457947,bbr,st-inbound
1775020360,2,srv03,st05,102.31021434408896,102.31008976478469,5,120.000678,120,8,102.30206841930342,2.573539154723105,2.51562768425658,96.666976962772,113.09914934945603,99.36121431303857,105.36448599568838,11.434011409381366,247.58505935597856,4.718941810780894,242.86611671189328,289.34766001918155,bbr,st-inbound
1775020545,2,srv01,st06,92.4319039920299,92.43176016780018,0,120.000704,120,8,92.42816090507655,4.170082677783188,4.511701452186039,74.91789683667616,100.09428447121375,88.5848985944382,96.3306599299797,37.67649253973025,187.69495525913715,3.379336432475919,184.31561799335526,258.5765576070394,bbr,st-inbound
1775020545,2,srv02,st06,87.5852648202435,87.58518898516604,0,120.001166,120,8,87.58311092584603,2.4760401492349033,2.827074904123115,80.61698879307997,93.6507584302914,84.64516047119318,90.79054201085728,35.65622952040716,155.17889276893465,3.4767384206666945,151.70215434826792,244.13849027585832,bbr,st-inbound
1775020545,2,srv03,st06,108.29277348439481,108.2926715094425,0,120.000761,120,8,108.28444054801115,6.4448435764441925,5.951772520435822,66.18591553021088,117.48898459423252,104.4477578105228,114.03931690086397,8.798679180313682,259.6433114955632,4.865457505711712,254.77785398985148,310.7943823042021,bbr,st-inbound
1775020731,2,srv01,st07,85.58144526442275,85.5813753738678,0,120.001548,120,8,85.57897655553684,4.552375685335571,5.31950236911432,73.92167554841593,97.55298602655394,80.16877299694067,91.44790608917204,15.238787394972789,160.4022634171108,3.271501390928299,157.13076119288215,238.25958964081937,bbr,st-inbound
1775020731,2,srv02,st07,112.85743171252034,112.85734242779573,0,120.001588,120,8,112.85088182526877,6.737184412184139,5.969988274097471,88.54121567952288,121.18388798121391,107.12574065640013,118.66083258860569,6.957815612674895,247.60552514315552,4.935730088370212,242.66979588808292,299.72663051206416,bbr,st-inbound
1775020731,2,srv03,st07,102.6621236207779,102.66204130935047,0,120.001704,120,8,102.65395676048438,8.953094626000633,8.721626431692536,66.74253287961737,112.00016592549477,99.85276296103929,108.0098658652934,3.744753663578578,266.4859380144702,4.89083563147801,261.59510321628983,288.29712319381764,bbr,st-inbound
1775020916,2,srv01,st08,99.5540786670177,99.55399648166214,0,120.001473,120,8,99.55102284950195,4.827587650660341,4.849360169767953,74.7666356082238,107.96654875216261,95.00587348589896,103.81171779424398,10.29825942310174,203.71950730100843,4.10392944975064,199.6155778512578,274.33137845588755,bbr,st-inbound
1775020916,2,srv02,st08,100.79269268080579,100.79259003272558,0,120.000819,120,8,100.7893184784068,3.708737643077003,3.6796931451337938,78.6807545449596,106.21488151431892,98.3865408446897,103.77819227774928,6.556608202930566,208.12590579830913,3.9837509616294833,204.14215400337855,279.864213697511,bbr,st-inbound
1775020916,2,srv03,st08,110.65426630699005,110.65404873403644,0,120.001499,120,8,110.64554186709583,5.177223850979767,4.679107502766353,71.49515637823129,119.31054153783433,106.16367885766975,115.07855693053406,5.5366536695752915,261.36688098842336,5.006341789527684,256.36053919889565,299.31659471574517,bbr,st-inbound
1775021102,3,srv01,st01,106.0321744823068,106.03276393771095,0,120.001623,120,8,106.02820395716377,8.82529134200148,8.323531864754557,72.6344088309183,117.6721937141897,101.87783777914551,111.64070717096428,4.9972202153729794,230.748670140085,3.99497077340979,226.75370103327336,301.4879406956705,bbr,st-inbound
1775021102,3,srv02,st01,111.36616710082237,111.36677087627601,0,120.000726,120,8,111.36172629921057,5.758129175282245,5.1706536587005685,92.1184304507901,121.50269062854876,105.0291561423678,116.92838547464764,4.105302707265627,252.2769717283187,5.06733654796113,247.20963518035757,301.47892747062565,bbr,st-inbound
1775021102,3,srv03,st01,102.27105537521264,102.27158281524274,4,120.000713,120,8,102.26379808400061,13.670183392870099,13.367568630339017,50.130642655345525,113.3897914474021,83.57177692808006,110.7909399918725,10.51852658525844,255.0804070386417,4.706063993592626,250.37434304504907,279.9325730269708,bbr,st-inbound
1775021287,3,srv01,st02,84.6257172584818,84.62603756228371,3,120.000926,120,8,84.62125652206105,7.4410085805507205,8.793309017588061,51.50636864672113,94.2583094686091,77.04771567272269,90.65992872966956,14.976172799277235,207.78200605415594,4.320024413749727,203.46198247370828,226.91723156164815,bbr,st-inbound
1775021287,3,srv02,st02,100.07987691390473,100.08021968446677,2,120.001467,120,8,100.07771623207869,2.3523218956544705,2.3504951793658764,95.1796198602802,106.41426753107537,97.16164528296021,102.96973912720928,19.06471493654406,197.57560807706324,4.125798751456418,193.44980849230893,289.8326250659963,bbr,st-inbound
1775021287,3,srv03,st02,110.22398395180367,110.22431459646751,3,120.001523,120,8,110.21347292981814,3.5093193484056435,3.184111030273324,101.24091624370209,118.53977292405284,106.0436498696063,114.67385499264608,7.4312699874044155,286.03292622499384,5.452354754824074,280.5805714701698,299.561918364949,bbr,st-inbound
1775021472,3,srv01,st03,93.00512288941583,93.00518700492785,0,120.000782,120,8,93.00281200534599,3.113579263232678,3.3478334644910555,81.82269477397837,103.4739669913071,89.69892297834025,96.47840171531203,22.30838857876024,178.2748463840373,3.5199315744479245,174.75491480958937,258.5651120353726,bbr,st-inbound
1775021472,3,srv02,st03,110.14262681712512,110.14254600930595,0,120.000611,120,8,110.13690281875068,4.671453476420673,4.24149704310131,97.32599715629465,118.00876713026902,104.4038349443473,116.37691654761544,15.47362858806589,237.38608799891762,4.779475892215887,232.60661210670176,290.9697552572406,bbr,st-inbound
1775021472,3,srv03,st03,93.42513273971093,93.4250603358787,0,120.000977,120,8,93.42119523617224,3.5773137724260473,3.829231432313048,78.70158358401801,97.15593278541657,88.34057330031371,96.12958783794174,6.062785252776423,222.22397919753087,4.317304985351514,217.9066750454834,268.2583657940853,bbr,st-inbound
1775021658,3,srv01,st04,102.78154642005826,102.7814320720726,0,120.000668,120,8,102.77703557757118,3.798977405344024,3.6963290330326153,88.76953918648593,110.31477367308317,98.43088517063963,107.24745123308853,20.372133434005725,217.42894809256427,4.210500316631413,213.21844777593287,283.594888026476,bbr,st-inbound
1775021658,3,srv02,st04,97.73160096277662,97.73151537255839,0,120.001667,120,8,97.72821198056037,3.823358114081128,3.9122358187026403,75.0155295897704,109.933756416,94.44818713094767,101.34292146993504,17.008629912266183,196.900720770615,3.774023440733914,193.1266973298811,273.48241397518126,bbr,st-inbound
1775021658,3,srv03,st04,103.78895047561807,103.78885356273241,2,120.001538,120,8,103.77841868440281,5.814364203150606,5.602671804850372,81.4785934268063,111.55967815591957,98.12216388728419,109.06440648886984,5.636185629309551,272.6716277774316,5.17395522510816,267.4976725523234,292.5255117540178,bbr,st-inbound
1775021843,3,srv01,st05,99.07387222375183,99.07379767835604,0,120.00152,120,8,99.07016573755854,5.3125965332552685,5.36245850978849,77.15502234598647,107.00713566444095,94.19749607832551,103.78388586687306,19.853109906562068,194.53558873567,3.7363202247158243,190.79926851095416,281.01011045610227,bbr,st-inbound
1775021843,3,srv02,st05,101.05002323982625,101.0499237159447,0,120.000639,120,8,101.04614490298263,3.5599096527988143,3.5230534091298464,90.636812288,107.90825552431063,95.98202039683827,105.75133717819782,18.408976711511723,205.6981381485532,4.1951982657902,201.502939882763,289.38195123734135,bbr,st-inbound
1775021843,3,srv03,st05,106.83010941442942,106.82996949604114,3,120.001229,120,8,106.81845233354188,6.366599036760054,5.9602052807133665,86.37128268670247,117.41051637224189,99.03890930584562,114.96007351336486,2.733245616794559,280.12367574054525,5.516134387428324,274.60754301971946,307.0929450212218,bbr,st-inbound
1775022029,3,srv01,st06,102.35192076582194,102.35184400241232,0,120.00074,120,8,102.34840846498885,3.237820271425781,3.1635277186878468,93.91197238310164,111.80060388847195,98.57581176657173,106.9493311077203,17.335695986824398,205.8648989193521,3.962579456394751,201.90231946295737,293.5558604589997,bbr,st-inbound
1775022029,3,srv02,st06,107.03501141604247,107.03493033972791,0,120.001656,120,8,107.02915845616478,3.4169398967201317,3.19253177919696,93.8351055626556,116.50408198868506,102.90411688202836,111.16832662507565,15.337900349654898,227.6865954023784,4.591693556399517,223.0949010126818,290.803157530593,bbr,st-inbound
1775022029,3,srv03,st06,111.65997406191889,111.65982000628362,0,120.00055,120,8,111.64897106115966,7.834278047916941,7.016883338428117,86.95198908508031,121.38717628332833,99.39945335065224,118.02951852076544,8.233179551008284,280.051006287889,4.993976535520957,275.0570305856734,333.217859542278,bbr,st-inbound
1775022214,3,srv01,st07,97.89917754891974,97.8990400930674,0,120.00064,120,8,97.8962084315903,3.3376867241811055,3.4094136817499683,86.5178871134738,107.115184128,94.27225268973997,102.02589862723391,8.095446792478649,211.241017672752,4.192077843462654,207.0489406625941,295.34113251087143,bbr,st-inbound
1775022214,3,srv02,st07,104.81801902652833,104.8179037173445,0,120.000452,120,8,104.81436393669982,4.3036581407732495,4.105981259755908,85.46279701674688,110.94423282453924,101.79501091175733,108.60373868225373,5.063762725621154,219.5096611546907,4.35512187844125,215.15453927624947,291.8021257567465,bbr,st-inbound
1775022214,3,srv03,st07,102.14304861335155,102.14295231616947,3,120.000675,120,8,102.13647095820897,3.5879183207012115,3.5128669387542035,87.1710588469924,108.823426827882,98.0007494520795,105.50930250962692,7.6253834254798525,242.3087574260097,4.114233835376066,238.19452359063362,305.00899614903375,bbr,st-inbound
1775022399,3,srv01,st08,101.24491388905078,101.2448313573589,0,120.001534,120,8,101.23929508375531,10.566815551610473,10.437464566370739,64.19189236842564,111.21114735983174,97.01168257715975,107.98939855945937,17.095536861740698,224.76869298654606,4.130631781633647,220.63806120491236,272.451713015296,bbr,st-inbound
1775022399,3,srv02,st08,113.9465085883997,113.94642502874504,0,120.001518,120,8,113.94153279422912,3.184979089178436,2.795274919576778,107.23601570456916,122.17328427348092,109.96331167488357,118.11216820521075,6.523137813434839,237.44846692408933,4.858533776208125,232.58993231458066,308.2245509093811,bbr,st-inbound
1775022399,3,srv03,st08,113.70175646227963,113.70161996995917,0,120.001887,120,8,113.69544012004992,6.51131222745701,5.726977458886458,91.19914555579386,121.62535399217741,109.1408117875924,118.76693800033888,5.366460045535633,273.69422181951484,5.28587399740452,268.4083486554053,317.35596041026247,bbr,st-inbound
1775024258,1,srv01,st01,17.873086752274016,17.872846210472982,0,120.000912,120,8,17.87277318255406,2.323643111334764,13.001021652324859,12.170455020626717,21.310210048,13.589542632914597,20.283079472524737,154.98894888291545,30.399569598940534,0.6133436743977255,29.78622592454281,43.78924719942798,bbr,full-mesh
1775024258,1,srv01,st02,12.812707774876051,12.812608965830004,0,120.000897,120,8,12.812552706731022,0.5233654927042568,4.084787041924198,10.926598937009535,13.837078175346866,12.181323416218401,13.375914643292841,76.55240169567233,18.49275185514893,0.6395065080101953,17.853245347138735,32.89279994250691,bbr,full-mesh
1775024258,1,srv01,st03,17.113801982044375,17.113678688247,0,120.000845,120,8,17.113475927725062,2.2134737076791113,12.93409776615354,14.38266122289937,24.289059932900678,15.259268443909757,20.98818954280954,122.72328227800419,27.96563486031728,0.6664262057645142,27.299209487769872,44.2308380762002,bbr,full-mesh
1775024258,1,srv01,st04,25.431343174055712,25.43107636028921,0,120.001082,120,8,25.43112163511749,6.487829487273593,25.51137767480392,10.882623961732195,34.60618879372303,12.188490665939257,30.942132494217066,106.11344348601293,47.57776881717227,1.1215893681396278,46.45617944903264,65.05906339388557,bbr,full-mesh
1775024258,1,srv01,st05,20.822637033732388,20.82240180345986,0,120.001526,120,8,20.822484552618583,2.1587049616265954,10.367182437674673,15.549617161312336,26.36376865229577,17.682161977159886,23.027026897125253,84.0685783644046,32.992437986729,0.86748021815309,32.12495776857592,54.251601301452446,bbr,full-mesh
1775024258,1,srv01,st06,38.67947535583968,38.67932902710197,0,120.000741,120,8,38.67920885813692,5.8076117973267465,15.014815371811835,8.917946306997344,54.6734952672157,35.26448270955029,49.523340000849664,48.85512983859467,67.36566097425573,1.555556129609442,65.8101048446463,98.46615314745357,bbr,full-mesh
1775024258,1,srv01,st07,23.650938249676365,23.65081585236222,0,120.001282,120,8,23.650638539339347,1.5542125944608278,6.571546015028831,20.65257862667876,29.606919412367183,22.15980791901842,25.374545774282648,83.54994382613499,38.36384742559166,1.0343321359164055,37.32951612297204,60.77363479565434,bbr,full-mesh
1775024258,1,srv01,st08,12.160151832914263,12.159988324428374,0,120.001385,120,8,12.160025910313928,1.255506164641552,10.324864222342264,10.847471594303167,19.268970620567366,11.359840766458566,12.840855595856773,71.2389114427398,17.0114204426763,0.504096158349597,16.5073234510383,29.82091515296129,bbr,full-mesh
1775024258,1,srv02,st01,23.660085578919702,23.66008915451223,0,120.00058,120,8,23.65996265909751,1.4937580510744073,6.3134421325895085,20.180773246848123,32.055313204247284,22.15725437872396,25.717425698003186,55.673833002761,37.08418967548893,1.02826718826827,36.055923320471365,59.00290637100374,bbr,full-mesh
1775024258,1,srv02,st02,21.03015371053423,21.0301033806945,0,120.000793,120,8,21.02997625835836,2.7578664820671333,13.113978105282072,17.930880808887892,44.7707141668942,18.924451581302723,22.908619898450155,67.23838584101006,33.8613805662029,0.973295715658416,32.8880840172405,53.618577806453224,bbr,full-mesh
1775024258,1,srv02,st03,24.76713923183935,24.767009024565102,0,120.001539,120,8,24.766855532053267,2.2015315451251825,8.889023244295021,21.430839718838016,31.595515578754085,22.42796479972852,27.33666398518869,56.82273045208039,38.52120071650883,0.9789886868698215,37.542212029639,62.79038267885741,bbr,full-mesh
1775024258,1,srv02,st04,19.279636230225254,19.279458027908483,0,120.00091,120,8,19.27945787481578,1.540569075956201,7.9907281934965795,16.302144997517807,29.464118791589833,17.54317704208219,20.865219643884704,85.2275386724373,29.80549349916744,0.9021640932079543,28.903330239254267,48.83368572756608,bbr,full-mesh
1775024258,1,srv02,st05,18.578316070603258,18.578107576555098,0,120.001606,120,8,18.57807885758203,0.8900541779596067,4.790883841018688,15.690891264,20.2410854731324,17.152580293612647,19.525584194482835,92.20059377754795,27.632911003185413,0.8210543385050284,26.811857497969065,46.531896934692,bbr,full-mesh
1775024258,1,srv02,st06,17.119775398885047,17.119595698243092,0,120.001114,120,8,17.119621215496633,1.9741215803592675,11.531339131337196,14.398492164621633,29.477913549218083,15.272985658110276,19.186058198736752,57.11823744137456,25.00138116531155,0.8006459070617986,24.200735258249747,44.100081081242564,bbr,full-mesh
1775024258,1,srv02,st07,19.851046177522885,19.850898621693844,0,120.00098,120,8,19.85086307335554,1.2944093593025041,6.5206704339213415,17.291498957230054,28.371264907730826,18.465359928140586,21.053427348475537,82.37409830910187,27.54533697764504,0.7893801410832804,26.755955169986283,51.160173616589056,bbr,full-mesh
1775024258,1,srv02,st08,16.981063454303932,16.980897962231257,0,120.001143,120,8,16.980894823847255,1.7358239457156892,10.222217166541608,14.12613426399943,21.53412466415094,15.17879386962678,19.004351407861485,56.529331822297934,23.1954929477939,0.8016418552083897,22.39385109258551,43.640932156689836,bbr,full-mesh
1775024258,1,srv03,st01,23.419690505163256,23.419792318139972,8,120.000968,120,8,23.418848442749347,2.69021982747332,11.487412944534565,18.91797877500047,30.129590964201473,20.745322519221837,27.507401401779408,79.6400986200029,49.04331118898879,1.015435638240929,48.027875550747865,56.08285111584915,bbr,full-mesh
1775024258,1,srv03,st02,17.014873885265818,17.014793452330196,5,120.00103,120,8,17.014381949957613,2.522595010919839,14.826251216995418,12.987174375977046,26.52186993182982,13.6850856788842,20.754943872364652,83.61284819040709,32.62194982985314,0.685627147667889,31.93632351547258,43.49010167757698,bbr,full-mesh
1775024258,1,srv03,st03,20.39094833203244,20.390764876309397,4,120.000985,120,8,20.39043748598863,3.6818283505798566,18.056642252574715,15.3527433152797,28.01377275455919,16.233785634999588,25.22222891825449,76.18615043232214,41.09079285448555,0.8339661131660745,40.25682674131948,49.693750040520385,bbr,full-mesh
1775024258,1,srv03,st04,33.4901847865653,33.49000599101435,7,120.000423,120,8,33.48938843046263,9.0364381031804,26.982989318970873,15.151149777855537,51.4787308781042,18.632925156381724,41.8344482113674,86.57639663375957,72.24267973298754,1.3894981285856332,70.8531816044019,81.14730808947728,bbr,full-mesh
1775024258,1,srv03,st05,25.194708368912565,25.1945154822238,3,120.000955,120,8,25.193920113798566,1.7704139301174706,7.02714751067193,21.75795823855081,29.664375236708533,23.13413203076646,27.351244594082985,94.28858917927477,52.500257004268256,0.9881420421971596,51.51211579528319,60.65155989232678,bbr,full-mesh
1775024258,1,srv03,st06,24.593790948263578,24.59365890850523,0,120.001108,120,8,24.593222923988844,3.711469324631191,15.091431229255159,11.4788156304859,29.16351534481051,21.57500831730328,27.324062332414037,124.55004324171763,48.028482217334314,0.907676559682747,47.1208039910463,59.93997793205346,bbr,full-mesh
1775024258,1,srv03,st07,24.424479303217353,24.42409685512729,8,120.001381,120,8,24.424034581006417,3.463102563275116,14.179076564067064,13.244842429360329,28.5295531202407,21.163342448258987,27.012202473524237,106.537460077329,49.04704780988,0.913483410768133,48.13356439911186,61.74082291495725,bbr,full-mesh
1775024258,1,srv03,st08,24.57814451451971,24.57797200074536,3,120.000814,120,8,24.577499388797314,1.8681856620022466,7.601203167372615,20.8500013814601,29.02023154387669,22.2963667212815,27.148509846901405,85.82892642366672,49.157141231235364,0.9041121762231658,48.2530290550122,59.13298785993138,bbr,full-mesh
1775024444,2,srv01,st01,16.606094765922496,16.605983996671487,0,120.00128,120,8,16.60594100364992,5.593799626087812,33.685532333628764,11.761367370446695,31.600970261961848,12.607671179358693,24.139931108453887,60.4688704676329,24.86330488558582,0.7060828217634102,24.157222063822406,41.25518227855608,bbr,full-mesh
1775024444,2,srv01,st02,32.91618684063352,32.916196463218604,1,120.000792,120,8,32.915873037045664,11.636570470676261,35.352458850414536,11.409133853642953,43.230786504401,12.184484249450602,41.7354630055831,41.31583064939119,55.379577963154425,1.33438856780253,54.0451893953519,80.6171699871203,bbr,full-mesh
1775024444,2,srv01,st03,14.624929634220077,14.624791536651822,0,120.001228,120,8,14.62478487751991,2.0232832882829968,13.83461914296621,9.484894208,21.55349360817358,12.713703690137516,17.259181284606843,74.61899943058947,21.938723612796046,0.6297290246142203,21.308994588181825,39.184109643524344,bbr,full-mesh
1775024444,2,srv01,st04,15.745832281879645,15.745670887688998,0,120.001798,120,8,15.745623784118079,2.170422964021262,13.784293298119268,10.38641379431625,18.75833738335281,12.200528582768731,17.791179296378726,71.78387650175534,23.110956995308022,0.6769172044882852,22.434038957541137,41.4225299767365,bbr,full-mesh
1775024444,2,srv01,st05,19.615222165783347,19.615080426987547,0,120.002003,120,8,19.614901621088524,4.083332810478914,20.817503392873558,13.205374089074127,35.81295123788655,16.040005957238826,26.579508730497185,76.83738227401876,31.4823265211715,0.7970321582657156,30.685292696313027,50.3107516633064,bbr,full-mesh
1775024444,2,srv01,st06,28.791745180904883,28.791616823137062,0,120.001211,120,8,28.791284596096276,6.6337698819153585,23.040895795301928,11.713792320636935,42.39799562812657,16.641074313923333,36.58758262068042,92.93022247988158,50.99441228798183,1.0664629978826545,49.9279484568299,72.8806327485863,bbr,full-mesh
1775024444,2,srv01,st07,19.0953382774424,19.0951560241497,0,120.001398,120,8,19.094958898206194,1.936086147617537,10.139252762672433,13.398206992242525,22.920779741850307,16.35950718506054,21.155609808728666,162.68715754998118,35.67811685951895,0.6512880647205255,35.026828794798426,48.7002466960768,bbr,full-mesh
1775024444,2,srv01,st08,22.631888071334508,22.631791448504423,0,120.000716,120,8,22.63165501523935,4.28139185369242,18.917714373118024,13.29800120086811,35.786861793476,15.19843357645642,25.93882315268868,63.51480785192179,35.534699857623,1.02908798143731,34.505613542758674,57.315160481952354,bbr,full-mesh
1775024444,2,srv02,st01,26.08385611521055,26.083787124009216,0,120.00151,120,8,26.083611518146874,3.482520345489951,13.351373306058841,16.10811814040617,36.499894264256696,19.543020393665305,28.609014430794605,90.96993052386459,43.198722114510645,1.06590339469081,42.13281871981984,63.76685202120923,bbr,full-mesh
1775024444,2,srv02,st02,26.300688538005073,26.30062413077499,0,120.001039,120,8,26.300421796925882,3.0870231534665966,11.737542375945555,23.291063125121447,45.98975031668394,23.86631642612432,30.32014189278882,68.04438887683862,40.990125531330015,1.0820034012687416,39.90812296334204,67.5880305664353,bbr,full-mesh
1775024444,2,srv02,st03,18.25747575139399,18.257282126937227,0,120.00096,120,8,18.257308210625933,1.437548981090064,7.8738276448299,16.274455960802275,29.004524004177767,17.15430692845381,18.96437152076936,99.66133213232531,28.23485638203829,0.6899187584973858,27.544938456837514,47.43160098642938,bbr,full-mesh
1775024444,2,srv02,st04,19.96925373016618,19.969103274677874,0,120.001222,120,8,19.96893963551446,2.145592362018032,10.744648444938601,11.771938156223044,32.30975070919383,18.480369514267668,21.651972756373386,103.18291749227141,30.63113968008433,0.7556258832159667,29.875513796868358,50.264375262174035,bbr,full-mesh
1775024444,2,srv02,st05,18.20682884278727,18.206692001076455,0,120.000996,120,8,18.20662754812406,0.6595277067507903,3.622459486291548,16.669212672,21.13078104217061,17.496345677690748,19.04756274221556,94.56975837743529,27.786834863052327,0.7705220685052293,27.0163136278295,45.0292273003334,bbr,full-mesh
1775024444,2,srv02,st06,28.207392825975166,28.207212199893107,0,120.001787,120,8,28.20722445826738,2.8379195155969423,10.060966898021631,14.542510648431982,31.8587674361358,24.952517392879162,30.219643083680396,83.05064323504054,43.45576035041172,1.0730021888108037,42.38275732830471,72.26057814552414,bbr,full-mesh
1775024444,2,srv02,st07,19.10226029656672,19.102087485689946,0,120.000922,120,8,19.10206666401184,1.251707663242095,6.552734242103256,16.773729076685814,25.9751756222777,18.223470637427404,19.844855131502523,93.45956958233039,27.992005030795593,0.7816978795125922,27.21030798457143,49.28536025384125,bbr,full-mesh
1775024444,2,srv02,st08,20.95653077720696,20.956329160863422,0,120.00137,120,8,20.956236733140752,1.7318748774823944,8.26424562547321,17.770901003991842,26.932170556285428,19.443362246601783,23.201334597521466,104.95163020959394,34.59863325905838,0.8743186902533728,33.724314568805,52.78919255778658,bbr,full-mesh
1775024444,2,srv03,st01,29.405305138342566,29.40538009560249,2,120.001458,120,8,29.40483614715938,6.198130816180336,21.078610284244345,7.7726425341221255,45.009516330617636,25.495724397370246,38.37513342103938,80.22140070576886,59.28857871378251,1.148308626660381,58.140270087122126,70.7131863708731,bbr,full-mesh
1775024444,2,srv03,st02,21.811443420365574,21.811331461172514,3,120.00074,120,8,21.810845533714154,3.4984996422076318,16.040183480277367,11.708912737510648,31.381228312528542,17.87333962857021,26.84159650681092,97.09708456459126,46.61355644689773,0.9829078211134614,45.63064862578427,51.210538022296916,bbr,full-mesh
1775024444,2,srv03,st03,26.451725876070288,26.45122125274954,0,120.000702,120,8,26.451155373036848,2.5109451413063306,9.492761680519553,16.55127613603251,29.997825834088122,22.038439448706256,28.660092809903283,76.59183740849306,53.303009795233,0.9753929308607667,52.3276160311325,61.765459517388344,bbr,full-mesh
1775024444,2,srv03,st04,32.861920274968256,32.861479451770784,1,120.001633,120,8,32.86104751651943,2.0941924459416827,6.372871847402068,25.40710613944755,38.62476807604617,31.229907521875088,35.22903653881902,54.20225461745623,67.95919669886106,1.4409020873418013,66.51829544473622,78.87573070881602,bbr,full-mesh
1775024444,2,srv03,st05,17.294112026179903,17.293927232313784,3,120.001664,120,8,17.293644251020037,1.0775294338049166,6.2307829290599654,11.055219198882577,19.762972401499,16.40610891036948,18.32591163950213,124.81533827893546,33.603771326811746,0.7260738513532436,32.8776966422135,42.560258307154584,bbr,full-mesh
1775024444,2,srv03,st06,18.191998986672477,18.191797092135356,0,120.000688,120,8,18.19166845773422,2.137595150021041,11.750407363609568,15.052581806170652,24.795969902108077,16.364629811350166,22.151103975718705,132.62029889412145,35.53918742376078,0.6639130496478047,34.875274374112976,44.94658261305575,bbr,full-mesh
1775024444,2,srv03,st07,27.151601321530507,27.15105145542905,1,120.000862,120,8,27.150915387856454,5.083425717548947,18.72285204727412,11.195248030981919,34.82939275346842,18.197281271296855,31.26837158400593,78.06147050345157,57.78824678331568,1.0553354489606845,56.732910501150926,65.7242795873175,bbr,full-mesh
1775024444,2,srv03,st08,24.724374404715675,24.723491016528605,4,120.00148,120,8,24.723814746735158,7.3440466398829,29.704342615059836,5.83546672378238,30.803922313762,9.01637419743852,29.450279209819502,92.60964424311307,50.430811519639384,0.9209033029410856,49.50990904988307,58.81209280751337,bbr,full-mesh
1775024631,3,srv01,st01,6.889678193383733,6.889528963977055,0,120.001355,120,8,6.889518992559114,2.1007503191996415,30.491973699013165,5.286150739275014,24.967392681434102,5.673726686138229,7.837018854342865,85.54921940199645,9.154687790926387,0.2745678448416604,8.880119946084726,18.393693269071477,bbr,full-mesh
1775024631,3,srv01,st02,34.09830274460827,34.098244168243,1,120.001351,120,8,34.09753725379417,5.015035235058862,14.707910421010887,26.700442980869038,48.71591172178087,28.319215469085005,39.76404392865709,100.49006959225532,64.1915995367042,1.3959162922703356,62.79568324443387,84.59339905648235,bbr,full-mesh
1775024631,3,srv01,st03,5.474207623388864,5.47402905524726,0,120.0007,120,8,5.474191674557046,0.4756724807152206,8.689364731711017,4.6562064460360295,6.612863623011864,4.942777150647678,6.10093461331933,99.00941698033907,7.16315559255784,0.29207704398981166,6.871079381769313,14.1639223072031,bbr,full-mesh
1775024631,3,srv01,st04,14.833256460834864,14.83310471043681,0,120.001945,120,8,14.833045581732705,6.596519717821877,44.47178215339451,3.4743446360156898,21.848347745898327,5.206531120864971,20.341431535165242,121.62617399745123,25.136443019180977,0.6309932896471463,24.50544972953383,37.81585632421969,bbr,full-mesh
1775024631,3,srv01,st05,17.387038232794108,17.386899092492584,0,120.000777,120,8,17.38696615349036,3.185966013539753,18.323875398470157,8.525165900104763,22.88694830851672,13.703843833084315,20.2642508883571,141.63308540067078,28.159811593904266,0.584969571558657,27.574842022345614,46.016160844921636,bbr,full-mesh
1775024631,3,srv01,st06,39.626888730794526,39.626773357565874,0,120.001468,120,8,39.62581374717389,4.182386524142078,10.55470191937791,32.60150220356978,50.67242533165477,34.56389028809319,44.75906123573369,86.10251124279971,71.43261151479282,1.407514781071306,70.0250959004441,102.43320805181656,bbr,full-mesh
1775024631,3,srv01,st07,8.383377115351934,8.383184621106853,0,120.000954,120,8,8.38331218659669,1.184928970374617,14.134377248518687,4.769438270457088,11.17785347259928,7.462571162554192,9.47141175797772,90.1588992018971,11.718230962781638,0.3958517255548134,11.322378403986336,22.0213698561325,bbr,full-mesh
1775024631,3,srv01,st08,40.8015508935922,40.80127620224857,2,120.000991,120,8,40.800494306192576,7.949055236744224,19.482742481229547,27.17335028618415,52.7918929087116,31.16229612887711,50.01030537858973,63.38591341011287,78.13070774852706,1.6712210195878978,76.4594858956988,101.51814442914298,bbr,full-mesh
1775024631,3,srv02,st01,17.940855114474186,17.940791702893865,0,120.00129,120,8,17.940636129891036,1.3374955576864473,7.455117800745289,13.909474581155441,21.4179047432028,16.22647463751316,19.41521819446739,155.90764713334426,31.76001855508338,0.6083057830276518,31.15171193876356,44.500016674891334,bbr,full-mesh
1775024631,3,srv02,st02,33.88845236877032,33.888488880621516,0,120.000786,120,8,33.8880453053919,2.7079829902797226,7.990968395715813,26.527232711045247,44.554720834696404,30.00902784277017,36.301109416089844,105.47228320593702,60.46409419772639,1.1312439908467058,59.332850206879684,83.80943660354232,bbr,full-mesh
1775024631,3,srv02,st03,15.476443003299915,15.476296087757614,0,120.001535,120,8,15.476325108793896,2.9198418037899576,18.866505990694503,9.073309740412263,21.12891272438056,10.640396175340602,17.959262656477968,92.10812901922051,23.617063074013682,0.6112074277374968,23.00585564627618,41.40636003080718,bbr,full-mesh
1775024631,3,srv02,st04,14.672778944533878,14.672585653186507,0,120.000801,120,8,14.672652162178958,4.513982597289116,30.764598979076247,6.115295232,23.735926773626687,7.01917286950118,18.16605572515946,97.5685356351353,21.733248470143117,0.5886348460479474,21.14461362409517,37.234759201610785,bbr,full-mesh
1775024631,3,srv02,st05,22.197814267790736,22.19764964628704,0,120.00176,120,8,22.1976011088196,1.6358504569721415,7.369492085891127,16.980881645758547,32.750471542034866,20.958949800952748,23.350160095023064,126.41651240078001,33.46258145247645,0.7555045640185672,32.707076888457884,56.3560164887293,bbr,full-mesh
1775024631,3,srv02,st06,21.917687650440346,21.917499484765468,0,120.001469,120,8,21.917455863065356,2.9246601393762934,13.343976406973601,16.768548567096296,29.8766661116647,19.522019563080892,27.40741165266649,92.98153052241128,34.257839161233136,0.905041705245136,33.352797455988,56.75049510976814,bbr,full-mesh
1775024631,3,srv02,st07,20.364373155685797,20.36424292775744,0,120.001516,120,8,20.36405189643097,1.4338840570552058,7.0412512418833035,17.31774041251575,24.29182189265091,18.609449311550936,22.282900820323494,140.7179278833957,30.104252329340785,0.7440725404734718,29.36017978886732,49.99889251587394,bbr,full-mesh
1775024631,3,srv02,st08,21.28298111174839,21.282804734138356,0,120.001631,120,8,21.282809128006882,4.620694215858687,21.71092259516689,16.65610695679356,32.954744740792705,17.422379355911037,30.25669642628202,82.64838298816703,32.32794630376222,0.9273026160753397,31.40064285439538,51.90377136165635,bbr,full-mesh
1775024631,3,srv03,st01,26.028056055663665,26.028116228722514,0,120.00072,120,8,26.027419035969977,5.244076978301926,20.14827890177891,10.78721461046559,30.9285915934171,15.492001066468674,29.492285236776173,78.30607492538226,51.23386981772189,0.992506798950353,50.2413638520707,59.0729378156102,bbr,full-mesh
1775024631,3,srv03,st02,13.023796787405207,13.023565519639613,0,120.001066,120,8,13.023440936940565,1.2157744431357462,9.335278203529466,10.854032202494404,16.548617718217848,11.833376516771759,15.092793186428265,157.2288721048202,26.637081191606793,0.46595331792984435,26.171127873676948,32.221593196266525,bbr,full-mesh
1775024631,3,srv03,st03,28.53646801771254,28.536352427271915,1,120.00086,120,8,28.535597928213,3.177615999493397,11.135620874275439,20.68786819219822,33.71169021847123,22.795445306530507,31.97516671454841,97.51485633155069,58.87046274200504,1.058283853607872,57.812177221908144,66.70761382680523,bbr,full-mesh
1775024631,3,srv03,st04,25.643646150027845,25.643148508704112,0,120.000699,120,8,25.64283900150971,1.4472210775975933,5.643763069730262,22.338210603536776,31.616286524735163,23.996708364220815,27.21307127466703,94.37919623933344,52.74910513511417,1.040398200365729,51.70870693474845,61.61298682052422,bbr,full-mesh
1775024631,3,srv03,st05,22.22365497824624,22.222276087935317,2,120.000874,120,8,22.222929470536634,2.2318923324995574,10.043195859747568,19.00539849211306,27.435965863504215,19.97984159930918,25.660743255883375,91.57435415003752,42.152912988579665,0.9249081253485016,41.22800486323116,50.74601943162044,bbr,full-mesh
1775024631,3,srv03,st06,32.6845308498631,32.68439329800147,0,120.001116,120,8,32.68344444206418,2.9747392933357597,9.101670108880008,26.733407546744072,55.5424630313318,28.800221180060536,34.54249930955496,88.98233876720943,69.2073340466466,1.4718879802891078,67.7354452330541,80.524942487669,bbr,full-mesh
1775024631,3,srv03,st07,12.861148472092827,12.860977104036833,0,120.001171,120,8,12.86081306274209,1.3443389628883349,10.452985797475737,10.481607554417161,17.34143445398442,11.426639033175466,15.206815890386007,152.1678830472063,26.425592797785825,0.4651851633590727,25.96040763442675,32.49722664001234,bbr,full-mesh
1775024631,3,srv03,st08,22.95053879415416,22.950407497635876,0,120.000812,120,8,22.949684243229914,4.0289375965961405,17.55552518237659,11.040618498939969,28.2407911416287,15.271685280646457,26.107874859795686,117.25919422420515,50.8445024654193,0.8014149928007577,50.04308747261853,54.223231545966975,bbr,full-mesh
1775017576,1,st01,st05,94.17758179764948,94.1769064209499,0,120.000502,120,8,94.1769881935806,2.521273443014411,2.6771650818052692,88.935137263586,106.79055982588154,91.3554836629511,97.2976081724717,25.618745383370157,59.50540015484202,2.905495431986888,56.59990305623841,291.8104427467359,bbr,st-to-st
1775017576,1,st01,st06,92.6132584916908,92.61256625768264,0,120.001072,120,8,92.61265821284087,3.0944586262115705,3.34129122943425,80.7171195029607,108.43076064289738,88.52596805250793,95.2675118055021,27.544957294297024,51.74861869316625,2.9055418875723054,48.84307763889747,265.24608019386886,bbr,st-to-st
1775017576,1,st01,st07,83.5126749524573,83.51202920681371,0,120.001021,120,8,83.51203742370491,1.8931856260489672,2.2669613680285883,78.8432988339617,88.30413602902757,80.8612691984957,85.79132026664745,19.82032116290342,47.722900398187,2.5281529589500686,45.19474743923693,238.96550020141353,bbr,st-to-st
1775017576,1,st01,st08,91.84072977261447,91.8400940053863,1,120.000469,120,8,91.84003299764055,2.5949559565764915,2.825517230207396,85.85294014970003,98.9600848363439,88.39221403577922,95.17323296926303,27.285307254806764,52.81395383177273,2.7186274994756823,50.0953254989885,258.514818163729,bbr,st-to-st
1775017576,1,st02,st05,78.7211926871409,78.720676702303,6,120.000945,120,8,78.72072764836253,2.4859567197313264,3.157944284808751,72.57820425798539,91.52771548662207,75.50855194646823,81.41793301826937,25.705547388137212,40.97230418689414,2.347941335023762,38.62436285187038,227.79806449447878,bbr,st-to-st
1775017576,1,st02,st06,86.68917431162325,86.6887333369733,28,120.001292,120,8,86.68849914519959,1.8679717226158137,2.1548091627322323,82.262360064,91.8838429871911,84.50043179196669,89.248249728422,27.217794079981942,47.426003477346356,2.5371517240316708,44.88885175331468,252.48732819599056,bbr,st-to-st
1775017576,1,st02,st07,79.79641243072341,79.7960133615842,115,120.001351,120,8,79.79595748462908,2.2899733602285184,2.8697861801703812,74.25511268976695,93.3761229727465,77.52182124059964,82.1403602204069,28.78200251401092,46.39796226832876,2.392021639732788,44.00593979529604,216.45003491276543,bbr,st-to-st
1775017576,1,st02,st08,94.06568492002897,94.06513528750376,49,120.001033,120,8,94.0650036673908,2.7299026881200876,2.902144880334974,87.22858840868953,107.56234520701142,90.66588273322688,96.94525104731098,30.239224693947065,59.54876256611406,2.96185574480005,56.586906821314,286.596876681253,bbr,st-to-st
1775017576,1,st03,st05,71.67578656067853,71.6756405458864,2,120.001356,120,8,71.675318302179,1.8810001948651385,2.624334623719354,66.83935446270948,78.34025902235601,69.55329479794372,74.23760002456468,23.485672893251795,48.29300623550124,2.224699219305936,46.0683070161953,221.1216803107441,bbr,st-to-st
1775017576,1,st03,st06,73.7497393638389,73.74961353288586,24,120.000862,120,8,73.74901188220015,1.959781498256636,2.6573664490407136,68.66304103212332,78.45904345196679,71.33883288217534,75.83413188411474,30.356670037653426,54.7140837912327,2.57834850103772,52.13573445688934,229.2124872082258,bbr,st-to-st
1775017576,1,st03,st07,79.71833517473395,79.7181880064864,156,120.001408,120,8,79.71763096404716,2.425209270115461,3.0422495510550682,73.3128251671768,86.18097590136973,77.03505520148788,82.89575239679999,42.21893429712492,63.68478517961108,2.7268440922743107,60.95794025403555,239.40297632598043,bbr,st-to-st
1775017576,1,st03,st08,71.39653589184346,71.39645313836729,48,120.001401,120,8,71.39596539647451,1.4729537561600055,2.063077021202012,67.16647162506109,77.31778851238873,69.5511794820297,73.24544982544592,16.47901490568225,50.55075673475462,2.3896091849039314,48.1611467165557,220.29757248916667,bbr,st-to-st
1775017576,1,st04,st05,97.94192143294427,97.94184984904355,0,120.000424,120,8,97.94081686052868,3.0651009534946927,3.1295439957985125,91.361378304,109.12541406996866,94.2381991173045,101.50235907257007,19.551077985682298,74.48670980066636,3.285670586156352,71.2010383812078,291.9647148493738,bbr,st-to-st
1775017576,1,st04,st06,78.90299917546719,78.90290969266596,11,120.001287,120,8,78.90231645859159,1.6564808650737775,2.099407139640962,74.47750497875028,87.5577744474966,77.24300139781963,80.78788055634648,26.420088067596364,55.05529629130206,2.553225002156994,52.50207128914507,229.14611051074755,bbr,st-to-st
1775017576,1,st04,st07,82.8176360384701,82.81754610295258,81,120.000699,120,8,82.81676334484119,2.0143930284085982,2.4323493783750707,75.84537319517365,92.57358592718735,81.00515923779405,84.88286802696915,13.73765646906287,59.757582586659666,2.6831270406198318,57.074454712732,251.4396568082508,bbr,st-to-st
1775017576,1,st04,st08,85.14702163513077,85.14695695384324,38,120.000384,120,8,85.1460787491317,2.3499064664339797,2.759852832868059,79.7171288685182,95.758459436295,81.99091821166714,87.90531729027884,12.648949506431165,64.72334514985386,2.89410464180855,61.8292396747399,234.19709915290744,bbr,st-to-st
1775017762,2,st01,st05,87.83952258543866,87.83882898645061,0,120.0013,120,8,87.83897166353405,2.298323341363671,2.616518952620901,80.49280970713853,93.84655375356975,84.2357859882294,90.15701181691568,16.77788308004086,48.71405875228445,2.6346310515147553,46.0794277007697,258.5073085973074,bbr,st-to-st
1775017762,2,st01,st06,76.69573565560853,76.69519047676191,0,120.001396,120,8,76.6952118160138,2.3405054982932256,3.0516970262862397,71.66189490334185,83.43292608634265,73.65366255091965,79.58661108598749,36.314831665306116,40.4053012362477,2.295984312775725,38.109315256873565,229.74387115718469,bbr,st-to-st
1775017762,2,st01,st07,98.6341857847818,98.63346676143115,0,120.00055,120,8,98.63354257061096,2.9384201614918957,2.979128686763232,89.8263933067629,110.9773084614445,95.05596524157534,101.98699092270802,23.124564693887017,58.33412282187306,2.934334116755401,55.39978870511766,278.551949865239,bbr,st-to-st
1775017762,2,st01,st08,88.6265687165824,88.62587043673292,0,120.001013,120,8,88.62577645606748,2.4648959050003327,2.7812404060823113,83.0580366531996,95.67613286090173,85.77540853105835,92.24238914860153,22.703243584182097,47.43254878884443,2.65173251787656,44.7808154376628,261.0030639859437,bbr,st-to-st
1775017762,2,st02,st05,84.9762096066364,84.97580526786054,0,120.001315,120,8,84.97577326564962,1.7943988986719661,2.111659393863179,80.2465540161449,91.79887207490395,82.68402810601347,86.76491796564785,29.602538249635785,46.399316051955644,2.542704316841218,43.8566109018119,261.0866451100083,bbr,st-to-st
1775017762,2,st02,st06,91.0936779099252,91.09319904855103,0,120.000413,120,8,91.09292830732788,2.015737828530187,2.2128367876477992,86.39907993036996,96.09283959497847,88.38116964677614,93.6304251185513,16.709890144340424,53.08323893054063,2.8521090282757724,50.23112990226486,261.2674900244145,bbr,st-to-st
1775017762,2,st02,st07,80.66088068368482,80.66048276237467,12,120.001024,120,8,80.6601946444242,2.252228802367367,2.7922432028535367,75.506384896,88.40256832330635,77.92809437556916,83.14265760625446,36.085592126361746,48.0362797447261,2.416789997362851,45.61949058066469,239.67812589126436,bbr,st-to-st
1775017762,2,st02,st08,92.31533854504491,92.3148761462653,1,120.000885,120,8,92.31430627203777,3.027560123012951,3.2796218108286936,82.031804245858,110.31590930197589,89.10215393245745,95.00012792600009,24.73825345136005,58.3175040485995,2.8677581600449247,55.44974588855458,261.46002101257926,bbr,st-to-st
1775017762,2,st03,st05,95.51180308299746,95.51154026222791,0,120.001461,120,8,95.51089946097315,2.9252444718529205,3.06273366533231,84.3336178574563,107.24772299534821,92.07447091108352,98.16132944900413,22.697940406625612,63.69308899202143,3.0342768500375352,60.65881214198389,299.43936225558684,bbr,st-to-st
1775017762,2,st03,st06,86.89008338339963,86.88998673708424,0,120.000864,120,8,86.88931373320263,2.1591241156121486,2.484913302735745,81.43893669666603,93.01950445244897,84.5087755831994,89.55646491352122,24.09909389791868,60.72132805843916,2.826633276273375,57.8946947821658,262.4570843933078,bbr,st-to-st
1775017762,2,st03,st07,70.15828513458996,70.1581649187504,10,120.000881,120,8,70.15743949631916,1.8391993048646929,2.621531398621222,66.28786289981417,81.52265526930043,68.33779112511309,71.9384950197175,30.99437406755842,53.269408800147964,2.3556980452444067,50.913710754903555,213.13978929154183,bbr,st-to-st
1775017762,2,st03,st08,88.3505252565737,88.35039272306327,1,120.001392,120,8,88.34928891774943,1.927833281508112,2.1820586278887513,82.75475034964747,92.82531345192064,86.07949593239861,90.76430032479736,22.917163789870944,66.9193692182195,2.986639188697723,63.93273086282046,265.41478433920327,bbr,st-to-st
1775017762,2,st04,st05,95.7795286220561,95.77941313979609,0,120.001372,120,8,95.77853092413847,1.9325961297990353,2.0177759161181448,88.62311187993474,100.294556634819,93.31519398082216,98.1305131008,7.10620471069571,67.8849934989059,3.0990917867555807,64.78590171215033,300.0778998790598,bbr,st-to-st
1775017762,2,st04,st06,90.67030177996648,90.67018328724288,0,120.000855,120,8,90.66940292856687,2.3680893966962877,2.611784483197675,82.8027946771078,101.05977034897685,88.31894288921353,92.95855664874985,16.448625967818447,67.58941908208178,3.028396499830955,64.5610225822508,271.52018191059324,bbr,st-to-st
1775017762,2,st04,st07,81.85446553189689,81.85439169886901,14,120.000555,120,8,81.85348249562168,2.210830360081311,2.7009606588205552,76.92907326149577,95.7289160729159,79.4764796750011,84.1535517688626,23.2610178604111,60.961060943096456,2.684261831871125,58.276798277915745,238.66943208596552,bbr,st-to-st
1775017762,2,st04,st08,88.78007851997546,88.7800034774253,0,120.001362,120,8,88.7792163786109,2.55504826528079,2.8779801957075666,83.9387787636872,102.68634119663744,86.27316952576824,91.60348905476518,8.2709538305872,51.77186464036904,2.7764688032098164,48.995395837159215,278.5666578548279,bbr,st-to-st
1775017948,3,st01,st05,93.70761906782676,93.7069128731375,0,120.001321,120,8,93.7069550693481,1.83650678032393,1.9598404184244573,88.8627384575951,102.42958423981455,91.79546692364649,95.874324743002,19.602098646842418,52.08508253638505,2.805895438218436,49.27918626486557,279.39132341124724,bbr,st-to-st
1775017948,3,st01,st06,91.7761500428956,91.77549866856637,0,120.00067,120,8,91.77538909421858,2.7737594068031743,3.022334674011105,81.0615762680204,97.43427013467864,88.02704596184574,94.71059031955735,28.44862385609595,55.33639061304737,2.7771434682672225,52.559247144780144,264.170158331878,bbr,st-to-st
1775017948,3,st01,st07,92.1359566113294,92.13525900331611,0,120.000911,120,8,92.13520141890871,2.449390538196335,2.6584741775944627,83.7888121421192,101.43921412993441,89.54309785188916,94.89653121753902,27.277010561584962,51.74865554026773,2.726420725128368,49.022234815139356,269.493566284205,bbr,st-to-st
1775017948,3,st01,st08,86.3349335073322,86.33429062176151,0,120.000795,120,8,86.33442438484829,3.0516290818238647,3.5346608303320384,80.30793660301315,101.76189940839058,82.96533626205948,90.46060679077186,17.851049847363914,51.18407688931074,2.686754021151747,48.497322034853354,260.23292863444675,bbr,st-to-st
1775017948,3,st02,st05,97.11152310739487,97.11100616404164,0,120.001022,120,8,97.11078279785588,2.3829248650101666,2.4538210859348357,90.31564909394143,107.76544373929806,93.99177467130855,99.78613672058161,24.43996971248838,53.563344771065935,2.9408333953726458,50.62251054239159,282.29802618939317,bbr,st-to-st
1775017948,3,st02,st06,91.0196660734649,91.01921583528723,0,120.001329,120,8,91.01888029161852,2.1637298758083836,2.3772319203179992,85.57953024,103.6824846853855,88.73732272838079,93.23802753221335,12.099393955596458,46.647803086933344,2.749309331758863,43.89849375517448,278.8058161591225,bbr,st-to-st
1775017948,3,st02,st07,91.74900944426416,91.7485695995629,0,120.000773,120,8,91.7483815826056,1.8502973327553802,2.0167084158203554,86.3720881281974,98.95205155587593,89.70361830185264,93.65516997625583,11.282761758648215,53.57746977213706,2.7859111453303593,50.7915594601127,273.3409057490902,bbr,st-to-st
1775017948,3,st02,st08,87.49004532740494,87.4893593002684,0,120.001443,120,8,87.48948187910429,2.46960427643354,2.82274420123566,81.32485556257396,106.73020686571499,85.1984143225149,89.46994249008883,16.012393540757593,43.6795127773979,2.479646455957802,41.1998663214401,250.9681485081534,bbr,st-to-st
1775017948,3,st03,st05,70.51271340410159,70.51259659590164,1,120.001351,120,8,70.51213495081385,2.7452805724774123,3.8933448468017584,64.50240900410274,93.81059830635226,68.23790788207927,72.00885074012452,9.753589043948372,43.90908913566853,2.1343823163829057,41.7747076525896,206.77129688233074,bbr,st-to-st
1775017948,3,st03,st06,88.3949041463731,88.39482205089655,0,120.001406,120,8,88.3940397525701,2.0397651520303914,2.307582228100492,83.2838262185771,93.47015935134596,85.86320575644014,91.00725132776924,28.805036736193664,60.133284944299724,2.8454220032153286,57.2878629410844,263.90471610214917,bbr,st-to-st
1775017948,3,st03,st07,93.15287707489371,93.15277518485719,0,120.001027,120,8,93.15223500181084,2.6889948819418086,2.886667058379797,84.67163501597275,99.7885567210738,90.18234848607662,96.02829062037779,18.529430139103297,64.96003655876463,3.096819519973721,61.8632170387909,288.6661709436685,bbr,st-to-st
1775017948,3,st03,st08,69.92819805140533,69.92812084986501,0,120.001047,120,8,69.9274371443096,2.3172546981103044,3.3137989789732667,65.57715634710833,82.6231555102547,67.34574702056345,72.21263765775794,36.37493048409128,48.6742868149104,2.3000872708380116,46.3741995440724,199.9259773680311,bbr,st-to-st
1775017948,3,st04,st05,88.896259259983,88.896152812377,0,120.000625,120,8,88.89526663137491,3.2473353102968945,3.652990123493001,80.270065664,100.2655703186553,84.33868403786356,92.37469720734343,25.158477942310586,63.51349047377207,2.803175276537492,60.710316030539,256.7268091756554,bbr,st-to-st
1775017948,3,st04,st06,81.39450079164514,81.39443930702187,0,120.001367,120,8,81.39382443762125,1.8698028768577009,2.2972294148565093,77.36275175506434,85.95076491406081,79.18205234882102,84.13922284417478,15.394261534886425,49.746849794756116,2.516718506434705,47.23013128832142,249.4674346974887,bbr,st-to-st
1775017948,3,st04,st07,83.5287793179102,83.52863902368675,0,120.001297,120,8,83.52806922409107,3.689681280846037,4.417295066341439,76.600049664,109.72822640628982,79.57528417698217,86.97983345514646,15.597276348860742,55.637097554809976,2.548583712119394,53.08851550929592,257.79340621348456,bbr,st-to-st
1775017948,3,st04,st08,86.92792943993734,86.927849688886,0,120.001254,120,8,86.92693960430242,2.401434172058844,2.76258911563014,80.7524312563614,94.6633225709033,84.18361393510104,89.77622122593743,30.63990168025505,61.586365878099926,2.841635352255131,58.74473052584479,265.8547519388823,bbr,st-to-st
1779249045,1,rds02,st01,40.701343399877175,40.7009350406145,0,120.001994,120,8,40.69809753773725,1.142195841237529,2.806509174485195,38.196392089121574,44.52403321245686,39.243030507895824,42.043525567729674,12.276223961619223,219.19961469854167,7.944838542271706,211.2547769895488,94.75820153532236,cubic,rds02-fanout
1779249045,1,rds02,st02,45.8317476017697,45.831265618607226,2,120.002236,120,8,45.82717758938428,1.7762988976646559,3.8760818167342905,40.854054862537154,49.5600939827904,44.110197774366156,47.775754976682464,13.303956874213114,253.53586874717942,9.22765946313118,244.30821095055606,103.68957143118087,cubic,rds02-fanout
1779249045,1,rds02,st03,43.60755797612992,43.60705759427182,0,120.002189,120,8,43.60392489750713,1.0097466086910925,2.3157241259004655,41.028240586106,47.80960642278644,42.421634873251456,44.62976305854391,25.86972892675719,238.1171846700645,8.7949263357679,229.32225833429655,104.39543586582103,cubic,rds02-fanout
1779249045,1,rds02,st04,47.52658634779165,47.52609248363368,0,120.00271,120,8,47.52278317428129,1.7690375464138706,3.722504088041819,42.90545886720484,51.674873856,44.9612871542037,49.42901527486611,7.466454569279186,256.43898236355074,9.751023730482334,246.68795946632653,109.30625138214192,cubic,rds02-fanout
1779249045,1,rds02,st05,49.70738475573315,49.70689515239172,0,120.002347,120,8,49.7029257591499,3.1836876206761877,6.40543302441325,37.35251875707364,53.05059472096229,47.46905514561138,52.03458307655616,24.168764786095068,282.7119023928804,10.171096373212391,272.540806019668,115.64056508835343,cubic,rds02-fanout
1779249045,1,rds02,st06,45.9663705480835,45.96589902231024,1,120.00197,120,8,45.96273446114122,1.1342391068367783,2.4677363523610865,42.070316604686155,48.679961124406766,44.745582206668075,47.454172436956924,5.663528060760307,253.20792649066544,9.19264319364522,244.01528413029158,110.88535602766072,cubic,rds02-fanout
1779249045,1,rds02,st07,50.57023858127018,50.56970212939996,0,120.001876,120,8,50.56532812428876,2.0408838691529554,4.036132948918072,44.05381390692042,56.5421065927802,48.72727967073172,52.282522238176604,27.083982138154195,281.4633096591352,10.4892628177967,270.97404684133846,116.1504541147386,cubic,rds02-fanout
1779249045,1,rds02,st08,49.4700530468334,49.4695179616338,0,120.002262,120,8,49.465697529541686,3.0622416122510616,6.190636673873331,38.695879794114504,53.037168505917755,46.20390707344446,51.90511758931658,26.466089899602597,277.94508379246554,10.299326033020852,267.64575942599873,113.27559821473304,cubic,rds02-fanout
1779249231,2,rds02,st01,46.27073081119648,46.270211435928665,0,120.001815,120,8,46.26639264879274,3.1671462094243212,6.845457421904631,36.821339068297064,52.32114331773164,40.43382562509457,49.28571191999189,14.46808201893703,259.5274796946453,9.49923103057734,250.028248664068,105.40497147541971,cubic,rds02-fanout
1779249231,2,rds02,st02,54.32807182870477,54.327500500626435,2,120.003389,120,8,54.32240497722149,1.1310529585285711,2.082111347984032,52.43047620225777,57.59790745434652,53.2072184851786,55.88482995007783,7.350609134083412,313.09397288707135,11.383733201072463,301.7102380194893,123.6020050289384,cubic,rds02-fanout
1779249231,2,rds02,st03,44.551291551635536,44.550840481656685,0,120.001937,120,8,44.54735346714876,2.46575633451465,5.535135406715038,41.88964751579704,53.348766448286334,42.74072300790591,48.83088785047943,13.343274348638298,247.32863730289395,9.051663667693434,238.27697530175968,101.40222395484332,cubic,rds02-fanout
1779249231,2,rds02,st04,50.033213658638964,50.032687488259654,0,120.001532,120,8,50.028857145911836,1.366121019128335,2.7306660536817184,46.325818475253996,53.998581482773666,48.41788879500114,51.765507749061165,12.578717870384326,282.7936956475132,10.244336566707432,272.5493590808058,112.42140787417307,cubic,rds02-fanout
1779249231,2,rds02,st05,45.87172476176703,45.8712247771041,0,120.002805,120,8,45.86793665254181,1.243373776703344,2.710768932385454,39.93663029094726,49.20487165867336,44.482650423916525,47.36791727917963,21.15237463906039,253.23692798568428,9.24759108843962,243.9893385637867,106.18320312223968,cubic,rds02-fanout
1779249231,2,rds02,st06,48.87031396698254,48.8697902538217,0,120.001854,120,8,48.865330631333514,1.7407268334852297,3.562294188937786,43.5894738253356,51.452855638525484,45.7294043235961,50.343048256490945,17.49262068827214,274.45887758258965,10.10262075373927,264.3562576620816,111.33011500648875,cubic,rds02-fanout
1779249231,2,rds02,st07,49.59387277636704,49.59333883051384,0,120.002044,120,8,49.58967455626296,1.428363067635777,2.8803638669078158,42.96889745808088,52.8181106593534,48.590225593424655,51.606341952656386,10.951598893471331,277.9595150906282,10.107950708915011,267.85156604827114,115.5304359401127,cubic,rds02-fanout
1779249231,2,rds02,st08,45.04485969733918,45.044334054317275,0,120.002186,120,8,45.04123992882845,4.2811644232896775,9.504987940062318,34.65592631919417,49.923086146296185,36.9308769932522,48.280400215052566,16.519666877998144,245.21915389286107,9.29241409333599,235.92674063277008,101.86600818642107,cubic,rds02-fanout
1779249416,3,rds02,st01,44.20951199347505,44.209036017786694,0,120.002084,120,8,44.205447815192414,5.140972547861221,11.629726203326426,35.93972331669041,58.3892293514758,37.99563874565736,50.78432605067658,20.88283963510179,240.62053994610935,9.07986542118474,231.5406745249246,101.80087342705787,cubic,rds02-fanout
1779249416,3,rds02,st02,46.63787376803069,46.6373716506534,5,120.002786,120,8,46.63379352909604,2.3379289439975026,5.013379283713661,41.5343720838506,50.1075261461311,42.96735482007976,48.95455062997791,13.122882568747915,255.44088778885694,9.38541596725195,246.055471821605,102.87760044695813,cubic,rds02-fanout
1779249416,3,rds02,st03,48.60502501545505,48.60451062292585,0,120.001215,120,8,48.60072547238972,1.1699249689822764,2.4072170890677667,45.83057016009551,52.14914225270361,47.34460387397725,49.9997166882041,24.36143153883014,267.5429448645396,9.6789741420916,257.86397322227884,111.13547745776738,cubic,rds02-fanout
1779249416,3,rds02,st04,47.458233163579905,47.45774000230896,0,120.000911,120,8,47.45407827525881,1.2675472060689088,2.6711027842885557,44.72802571428363,50.64790212948226,45.99731007770662,49.24199093409837,21.458216749417634,269.1585799813936,9.79222131985776,259.36635866153586,109.12422720247135,cubic,rds02-fanout
1779249416,3,rds02,st05,49.31075585281762,49.310173188679904,0,120.003654,120,8,49.30504652479115,1.9311034813248689,3.9166446792700773,45.3280601989954,53.401943392756415,47.177740021506644,52.33329373632036,26.609769002855536,282.059561276242,9.93859037293532,272.12097173657276,112.70699916060218,cubic,rds02-fanout
1779249416,3,rds02,st06,44.5453808151793,44.54491866941984,0,120.002018,120,8,44.54096994275933,2.904748542861552,6.5215206282991005,38.33788291642228,48.747494058257935,39.88620047991859,47.44370986053102,27.05950147046342,251.20174665218818,8.95809287166304,242.24365461380387,104.1485944853719,cubic,rds02-fanout
1779249416,3,rds02,st07,46.85065849169745,46.850130657488315,0,120.002409,120,8,46.84640416209979,1.078383941065683,2.3019567037295245,42.82445491423838,49.13384613656484,45.45979141705798,48.005149965060276,30.990372655118104,267.41204082524075,9.61351620532784,257.79852378664543,107.70375996119787,cubic,rds02-fanout
1779249416,3,rds02,st08,47.908636567292056,47.90812435815822,0,120.002006,120,8,47.90388546553182,2.0290424786812067,4.235653243913083,43.39618865433086,53.824254393731906,45.5713307680057,50.609396003893806,26.174065135494924,275.20610630946163,9.669211573335707,265.5368955693896,108.89029596137586,cubic,rds02-fanout
